순번,날짜,시간,OPS,선물가격
0,2015-09-10,19:20:00,1951.500000,1951.50
1,2015-09-10,19:21:00,1950.250000,1950.25
2,2015-09-10,19:22:00,1952.000000,1952.00
3,2015-09-10,19:23:00,1951.500000,1951.50
4,2015-09-10,19:24:00,1954.000000,1954.00
5,2015-09-10,19:25:00,1954.500000,1954.50
6,2015-09-10,19:26:00,1954.500000,1954.50
7,2015-09-10,19:27:00,1953.500000,1953.50
8,2015-09-10,19:28:00,1954.750000,1954.75
9,2015-09-10,19:29:00,1958.500000,1958.50
10,2015-09-10,19:30:00,1958.500000,1958.50
11,2015-09-10,19:31:00,1958.500000,1958.50
12,2015-09-10,19:32:00,1958.000000,1958.00
13,2015-09-10,19:33:00,1960.500000,1960.50
14,2015-09-10,19:34:00,1959.750000,1959.75
15,2015-09-10,19:35:00,1960.000000,1960.00
16,2015-09-10,19:36:00,1960.000000,1960.00
17,2015-09-10,19:37:00,1961.750000,1961.75
18,2015-09-10,19:38:00,1962.750000,1962.75
19,2015-09-10,19:39:00,1962.250000,1962.25
20,2015-09-10,19:40:00,1962.500000,1962.50
21,2015-09-10,19:41:00,1962.750000,1962.75
22,2015-09-10,19:42:00,1961.750000,1961.75
23,2015-09-10,19:43:00,1961.500000,1961.50
24,2015-09-10,19:44:00,1960.750000,1960.75
25,2015-09-10,19:45:00,1961.250000,1961.25
26,2015-09-10,19:46:00,1960.500000,1960.50
27,2015-09-10,19:47:00,1959.000000,1959.00
28,2015-09-10,19:48:00,1959.500000,1959.50
29,2015-09-10,19:49:00,1960.250000,1960.25
30,2015-09-10,19:50:00,1961.000000,1961.00
31,2015-09-10,19:51:00,1962.000000,1962.00
32,2015-09-10,19:52:00,1961.500000,1961.50
33,2015-09-10,19:53:00,1960.750000,1960.75
34,2015-09-10,19:54:00,1960.500000,1960.50
35,2015-09-10,19:55:00,1958.750000,1958.75
36,2015-09-10,19:56:00,1958.750000,1958.75
37,2015-09-10,19:57:00,1959.250000,1959.25
38,2015-09-10,19:58:00,1959.250000,1959.25
39,2015-09-10,19:59:00,1959.250000,1959.25
40,2015-09-10,20:00:00,1961.000000,1961.00
41,2015-09-10,20:01:00,1961.000000,1961.00
42,2015-09-10,20:02:00,1961.500000,1961.50
43,2015-09-10,20:03:00,1959.000000,1959.00
44,2015-09-10,20:04:00,1958.750000,1958.75
45,2015-09-10,20:05:00,1960.250000,1960.25
46,2015-09-10,20:06:00,1960.000000,1960.00
47,2015-09-10,20:07:00,1960.000000,1960.00
48,2015-09-10,20:08:00,1959.500000,1959.50
49,2015-09-10,20:09:00,1959.500000,1959.50
50,2015-09-10,20:10:00,1959.500000,1959.50
51,2015-09-10,20:11:00,1959.500000,1959.50
52,2015-09-10,20:12:00,1960.250000,1960.25
53,2015-09-10,20:13:00,1959.750000,1959.75
54,2015-09-10,20:14:00,1961.000000,1961.00
55,2015-09-10,20:15:00,1959.750000,1959.75
56,2015-09-10,20:16:00,1957.250000,1957.25
57,2015-09-10,20:17:00,1957.500000,1957.50
58,2015-09-10,20:18:00,1957.500000,1957.50
59,2015-09-10,20:19:00,1957.250000,1957.25
60,2015-09-10,20:20:00,1957.000000,1957.00
61,2015-09-10,20:21:00,1956.250000,1956.25
62,2015-09-10,20:22:00,1955.750000,1955.75
63,2015-09-10,20:23:00,1956.750000,1956.75
64,2015-09-10,20:24:00,1957.750000,1957.75
65,2015-09-10,20:25:00,1958.000000,1958.00
66,2015-09-10,20:26:00,1957.250000,1957.25
67,2015-09-10,20:27:00,1957.250000,1957.25
68,2015-09-10,20:28:00,1957.000000,1957.00
69,2015-09-10,20:29:00,1957.000000,1957.00
70,2015-09-10,20:30:00,1957.250000,1957.25
71,2015-09-10,20:31:00,1959.500000,1959.50
72,2015-09-10,20:32:00,1958.500000,1958.50
73,2015-09-10,20:33:00,1959.250000,1959.25
74,2015-09-10,20:34:00,1958.500000,1958.50
75,2015-09-10,20:35:00,1957.250000,1957.25
76,2015-09-10,20:36:00,1957.750000,1957.75
77,2015-09-10,20:37:00,1956.750000,1956.75
78,2015-09-10,20:38:00,1957.500000,1957.50
79,2015-09-10,20:39:00,1958.250000,1958.25
80,2015-09-10,20:40:00,1957.250000,1957.25
81,2015-09-10,20:41:00,1958.500000,1958.50
82,2015-09-10,20:42:00,1959.000000,1959.00
83,2015-09-10,20:43:00,1959.000000,1959.00
84,2015-09-10,20:44:00,1958.500000,1958.50
85,2015-09-10,20:45:00,1957.250000,1957.25
86,2015-09-10,20:46:00,1958.250000,1958.25
87,2015-09-10,20:47:00,1957.250000,1957.25
88,2015-09-10,20:48:00,1956.000000,1956.00
89,2015-09-10,20:49:00,1956.500000,1956.50
90,2015-09-10,20:50:00,1955.750000,1955.75
91,2015-09-10,20:51:00,1956.750000,1956.75
92,2015-09-10,20:52:00,1956.500000,1956.50
93,2015-09-10,20:53:00,1955.250000,1955.25
94,2015-09-10,20:54:00,1955.250000,1955.25
95,2015-09-10,20:55:00,1955.500000,1955.50
96,2015-09-10,20:56:00,1954.250000,1954.25
97,2015-09-10,20:57:00,1953.750000,1953.75
98,2015-09-10,20:58:00,1953.250000,1953.25
99,2015-09-10,20:59:00,1952.500000,1952.50
100,2015-09-10,21:00:00,1951.500000,1951.50
101,2015-09-10,21:01:00,1951.500000,1951.50
102,2015-09-10,21:02:00,1952.250000,1952.25
103,2015-09-10,21:03:00,1951.250000,1951.25
104,2015-09-10,21:04:00,1949.500000,1949.50
105,2015-09-10,21:05:00,1949.500000,1949.50
106,2015-09-10,21:06:00,1950.000000,1950.00
107,2015-09-10,21:07:00,1951.250000,1951.25
108,2015-09-10,21:08:00,1950.250000,1950.25
109,2015-09-10,21:09:00,1950.250000,1950.25
110,2015-09-10,21:10:00,1951.000000,1951.00
111,2015-09-10,21:11:00,1951.750000,1951.75
112,2015-09-10,21:12:00,1951.500000,1951.50
113,2015-09-10,21:13:00,1949.750000,1949.75
114,2015-09-10,21:14:00,1950.250000,1950.25
115,2015-09-10,21:15:00,1951.750000,1951.75
116,2015-09-10,21:16:00,1953.750000,1953.75
117,2015-09-10,21:17:00,1953.250000,1953.25
118,2015-09-10,21:18:00,1952.750000,1952.75
119,2015-09-10,21:19:00,1950.250000,1950.25
120,2015-09-10,21:20:00,1950.750000,1950.75
121,2015-09-10,21:21:00,1949.000000,1949.00
122,2015-09-10,21:22:00,1949.250000,1949.25
123,2015-09-10,21:23:00,1950.000000,1950.00
124,2015-09-10,21:24:00,1949.750000,1949.75
125,2015-09-10,21:25:00,1948.500000,1948.50
126,2015-09-10,21:26:00,1948.750000,1948.75
127,2015-09-10,21:27:00,1946.500000,1946.50
128,2015-09-10,21:28:00,1948.500000,1948.50
129,2015-09-10,21:29:00,1948.250000,1948.25
130,2015-09-10,21:30:00,1947.500000,1947.50
131,2015-09-10,21:31:00,1947.750000,1947.75
132,2015-09-10,21:32:00,1946.750000,1946.75
133,2015-09-10,21:33:00,1945.250000,1945.25
134,2015-09-10,21:34:00,1946.000000,1946.00
135,2015-09-10,21:35:00,1946.250000,1946.25
136,2015-09-10,21:36:00,1946.750000,1946.75
137,2015-09-10,21:37:00,1945.000000,1945.00
138,2015-09-10,21:38:00,1944.750000,1944.75
139,2015-09-10,21:39:00,1947.000000,1947.00
140,2015-09-10,21:40:00,1945.750000,1945.75
141,2015-09-10,21:41:00,1944.750000,1944.75
142,2015-09-10,21:42:00,1943.500000,1943.50
143,2015-09-10,21:43:00,1944.250000,1944.25
144,2015-09-10,21:44:00,1945.250000,1945.25
145,2015-09-10,21:45:00,1945.750000,1945.75
146,2015-09-10,21:46:00,1945.000000,1945.00
147,2015-09-10,21:47:00,1946.000000,1946.00
148,2015-09-10,21:48:00,1945.000000,1945.00
149,2015-09-10,21:49:00,1945.250000,1945.25
150,2015-09-10,21:50:00,1947.000000,1947.00
151,2015-09-10,21:51:00,1949.250000,1949.25
152,2015-09-10,21:52:00,1946.500000,1946.50
153,2015-09-10,21:53:00,1946.750000,1946.75
154,2015-09-10,21:54:00,1947.500000,1947.50
155,2015-09-10,21:55:00,1948.250000,1948.25
156,2015-09-10,21:56:00,1949.000000,1949.00
157,2015-09-10,21:57:00,1950.250000,1950.25
158,2015-09-10,21:58:00,1949.000000,1949.00
159,2015-09-10,21:59:00,1949.000000,1949.00
160,2015-09-10,22:00:00,1951.250000,1951.25
161,2015-09-10,22:01:00,1949.750000,1949.75
162,2015-09-10,22:02:00,1951.250000,1951.25
163,2015-09-10,22:03:00,1951.500000,1951.50
164,2015-09-10,22:04:00,1951.000000,1951.00
165,2015-09-10,22:05:00,1949.500000,1949.50
166,2015-09-10,22:06:00,1949.250000,1949.25
167,2015-09-10,22:07:00,1949.250000,1949.25
168,2015-09-10,22:08:00,1949.250000,1949.25
169,2015-09-10,22:09:00,1950.000000,1950.00
170,2015-09-10,22:10:00,1946.500000,1946.50
171,2015-09-10,22:11:00,1947.500000,1947.50
172,2015-09-10,22:12:00,1948.000000,1948.00
173,2015-09-10,22:13:00,1948.250000,1948.25
174,2015-09-10,22:14:00,1948.500000,1948.50
175,2015-09-10,22:30:00,1949.000000,1949.00
176,2015-09-10,22:31:00,1949.000000,1949.00
177,2015-09-10,22:32:00,1949.500000,1949.50
178,2015-09-10,22:33:00,1949.750000,1949.75
179,2015-09-10,22:34:00,1949.500000,1949.50
180,2015-09-10,22:35:00,1949.250000,1949.25
181,2015-09-10,22:36:00,1949.750000,1949.75
182,2015-09-10,22:37:00,1949.750000,1949.75
183,2015-09-10,22:38:00,1949.750000,1949.75
184,2015-09-10,22:39:00,1950.000000,1950.00
185,2015-09-10,22:40:00,1950.500000,1950.50
186,2015-09-10,22:41:00,1950.750000,1950.75
187,2015-09-10,22:42:00,1951.000000,1951.00
188,2015-09-10,22:43:00,1951.250000,1951.25
189,2015-09-10,22:44:00,1949.500000,1949.50
190,2015-09-10,22:45:00,1949.250000,1949.25
191,2015-09-10,22:46:00,1950.000000,1950.00
192,2015-09-10,22:47:00,1949.750000,1949.75
193,2015-09-10,22:48:00,1949.750000,1949.75
194,2015-09-10,22:49:00,1950.000000,1950.00
195,2015-09-10,22:50:00,1950.500000,1950.50
196,2015-09-10,22:51:00,1950.500000,1950.50
197,2015-09-10,22:52:00,1951.000000,1951.00
198,2015-09-10,22:53:00,1950.750000,1950.75
199,2015-09-10,22:54:00,1950.750000,1950.75
200,2015-09-10,22:55:00,1951.000000,1951.00
201,2015-09-10,22:56:00,1950.500000,1950.50
202,2015-09-10,22:57:00,1950.750000,1950.75
203,2015-09-10,22:58:00,1951.500000,1951.50
204,2015-09-10,22:59:00,1950.000000,1950.00
205,2015-09-10,23:00:00,1950.500000,1950.50
206,2015-09-10,23:01:00,1950.500000,1950.50
207,2015-09-10,23:02:00,1951.000000,1951.00
208,2015-09-10,23:03:00,1951.000000,1951.00
209,2015-09-10,23:04:00,1951.000000,1951.00
210,2015-09-10,23:05:00,1951.250000,1951.25
211,2015-09-10,23:06:00,1951.250000,1951.25
212,2015-09-10,23:07:00,1951.500000,1951.50
213,2015-09-10,23:08:00,1951.000000,1951.00
214,2015-09-10,23:09:00,1951.500000,1951.50
215,2015-09-10,23:10:00,1950.750000,1950.75
216,2015-09-10,23:11:00,1951.000000,1951.00
217,2015-09-10,23:12:00,1950.750000,1950.75
218,2015-09-10,23:13:00,1951.500000,1951.50
219,2015-09-10,23:14:00,1951.500000,1951.50
220,2015-09-11,00:00:00,1939.000000,1939.00
221,2015-09-11,00:01:00,1939.000000,1939.00
222,2015-09-11,00:02:00,1939.000000,1939.00
223,2015-09-11,00:03:00,1938.750000,1938.75
224,2015-09-11,00:04:00,1939.750000,1939.75
225,2015-09-11,00:05:00,1940.000000,1940.00
226,2015-09-11,00:06:00,1939.750000,1939.75
227,2015-09-11,00:07:00,1939.250000,1939.25
228,2015-09-11,00:08:00,1939.250000,1939.25
229,2015-09-11,00:09:00,1940.000000,1940.00
230,2015-09-11,00:10:00,1939.750000,1939.75
231,2015-09-11,00:11:00,1940.000000,1940.00
232,2015-09-11,00:12:00,1940.750000,1940.75
233,2015-09-11,00:13:00,1941.000000,1941.00
234,2015-09-11,00:14:00,1941.250000,1941.25
235,2015-09-11,00:15:00,1941.000000,1941.00
236,2015-09-11,00:16:00,1941.500000,1941.50
237,2015-09-11,00:17:00,1941.000000,1941.00
238,2015-09-11,00:18:00,1941.750000,1941.75
239,2015-09-11,00:19:00,1941.250000,1941.25
240,2015-09-11,00:20:00,1941.250000,1941.25
241,2015-09-11,00:21:00,1941.250000,1941.25
242,2015-09-11,00:22:00,1941.250000,1941.25
243,2015-09-11,00:23:00,1941.250000,1941.25
244,2015-09-11,00:24:00,1941.000000,1941.00
245,2015-09-11,00:25:00,1940.750000,1940.75
246,2015-09-11,00:26:00,1940.750000,1940.75
247,2015-09-11,00:27:00,1941.000000,1941.00
248,2015-09-11,00:28:00,1941.000000,1941.00
249,2015-09-11,00:29:00,1941.750000,1941.75
250,2015-09-11,00:30:00,1941.500000,1941.50
251,2015-09-11,00:31:00,1942.250000,1942.25
252,2015-09-11,00:32:00,1942.750000,1942.75
253,2015-09-11,00:33:00,1942.750000,1942.75
254,2015-09-11,00:34:00,1942.750000,1942.75
255,2015-09-11,00:35:00,1942.750000,1942.75
256,2015-09-11,00:36:00,1942.750000,1942.75
257,2015-09-11,00:37:00,1942.750000,1942.75
258,2015-09-11,00:38:00,1942.750000,1942.75
259,2015-09-11,00:39:00,1942.500000,1942.50
260,2015-09-11,00:40:00,1942.500000,1942.50
261,2015-09-11,00:41:00,1942.750000,1942.75
262,2015-09-11,00:42:00,1942.750000,1942.75
263,2015-09-11,00:43:00,1942.500000,1942.50
264,2015-09-11,00:44:00,1942.500000,1942.50
265,2015-09-11,00:45:00,1942.500000,1942.50
266,2015-09-11,00:46:00,1942.250000,1942.25
267,2015-09-11,00:47:00,1942.250000,1942.25
268,2015-09-11,00:48:00,1942.500000,1942.50
269,2015-09-11,00:49:00,1942.500000,1942.50
270,2015-09-11,00:50:00,1942.250000,1942.25
271,2015-09-11,00:51:00,1942.500000,1942.50
272,2015-09-11,00:52:00,1942.250000,1942.25
273,2015-09-11,00:53:00,1942.250000,1942.25
274,2015-09-11,00:54:00,1942.250000,1942.25
275,2015-09-11,00:55:00,1942.750000,1942.75
276,2015-09-11,00:56:00,1943.000000,1943.00
277,2015-09-11,00:57:00,1943.000000,1943.00
278,2015-09-11,00:58:00,1943.000000,1943.00
279,2015-09-11,00:59:00,1942.750000,1942.75
280,2015-09-11,01:00:00,1943.000000,1943.00
281,2015-09-11,01:01:00,1942.750000,1942.75
282,2015-09-11,01:02:00,1942.500000,1942.50
283,2015-09-11,01:03:00,1942.500000,1942.50
284,2015-09-11,01:04:00,1942.500000,1942.50
285,2015-09-11,01:05:00,1942.750000,1942.75
286,2015-09-11,01:06:00,1942.500000,1942.50
287,2015-09-11,01:07:00,1943.000000,1943.00
288,2015-09-11,01:08:00,1943.500000,1943.50
289,2015-09-11,01:09:00,1943.250000,1943.25
290,2015-09-11,01:10:00,1942.250000,1942.25
291,2015-09-11,01:11:00,1940.750000,1940.75
292,2015-09-11,01:12:00,1941.000000,1941.00
293,2015-09-11,01:13:00,1941.000000,1941.00
294,2015-09-11,01:14:00,1941.000000,1941.00
295,2015-09-11,01:15:00,1940.750000,1940.75
296,2015-09-11,01:16:00,1940.500000,1940.50
297,2015-09-11,01:17:00,1940.250000,1940.25
298,2015-09-11,01:18:00,1940.250000,1940.25
299,2015-09-11,01:19:00,1940.750000,1940.75
300,2015-09-11,01:20:00,1940.500000,1940.50
301,2015-09-11,01:21:00,1940.500000,1940.50
302,2015-09-11,01:22:00,1940.000000,1940.00
303,2015-09-11,01:23:00,1940.000000,1940.00
304,2015-09-11,01:24:00,1940.250000,1940.25
305,2015-09-11,01:25:00,1940.250000,1940.25
306,2015-09-11,01:26:00,1940.500000,1940.50
307,2015-09-11,01:27:00,1940.000000,1940.00
308,2015-09-11,01:28:00,1940.500000,1940.50
309,2015-09-11,01:29:00,1940.500000,1940.50
310,2015-09-11,01:30:00,1940.500000,1940.50
311,2015-09-11,01:31:00,1940.250000,1940.25
312,2015-09-11,01:32:00,1940.250000,1940.25
313,2015-09-11,01:33:00,1940.000000,1940.00
314,2015-09-11,01:34:00,1940.000000,1940.00
315,2015-09-11,01:35:00,1940.250000,1940.25
316,2015-09-11,01:36:00,1940.250000,1940.25
317,2015-09-11,01:37:00,1940.500000,1940.50
318,2015-09-11,01:38:00,1940.500000,1940.50
319,2015-09-11,01:39:00,1940.500000,1940.50
320,2015-09-11,01:40:00,1940.250000,1940.25
321,2015-09-11,01:41:00,1940.500000,1940.50
322,2015-09-11,01:42:00,1940.250000,1940.25
323,2015-09-11,01:43:00,1940.250000,1940.25
324,2015-09-11,01:44:00,1940.000000,1940.00
325,2015-09-11,01:45:00,1940.000000,1940.00
326,2015-09-11,01:46:00,1940.000000,1940.00
327,2015-09-11,01:47:00,1937.250000,1937.25
328,2015-09-11,01:48:00,1938.500000,1938.50
329,2015-09-11,01:49:00,1938.250000,1938.25
330,2015-09-11,01:50:00,1938.750000,1938.75
331,2015-09-11,01:51:00,1937.750000,1937.75
332,2015-09-11,01:52:00,1938.000000,1938.00
333,2015-09-11,01:53:00,1938.000000,1938.00
334,2015-09-11,01:54:00,1938.000000,1938.00
335,2015-09-11,01:55:00,1938.250000,1938.25
336,2015-09-11,01:56:00,1938.250000,1938.25
337,2015-09-11,01:57:00,1938.000000,1938.00
338,2015-09-11,01:58:00,1938.250000,1938.25
339,2015-09-11,01:59:00,1938.500000,1938.50
340,2015-09-11,02:00:00,1939.000000,1939.00
341,2015-09-11,02:01:00,1938.750000,1938.75
342,2015-09-11,02:02:00,1938.750000,1938.75
343,2015-09-11,02:03:00,1938.500000,1938.50
344,2015-09-11,02:04:00,1938.000000,1938.00
345,2015-09-11,02:05:00,1938.500000,1938.50
346,2015-09-11,02:06:00,1939.750000,1939.75
347,2015-09-11,02:07:00,1940.750000,1940.75
348,2015-09-11,02:08:00,1941.750000,1941.75
349,2015-09-11,02:09:00,1941.000000,1941.00
350,2015-09-11,02:10:00,1942.000000,1942.00
351,2015-09-11,02:11:00,1941.750000,1941.75
352,2015-09-11,02:12:00,1942.000000,1942.00
353,2015-09-11,02:13:00,1942.500000,1942.50
354,2015-09-11,02:14:00,1942.750000,1942.75
355,2015-09-11,02:15:00,1943.500000,1943.50
356,2015-09-11,02:16:00,1944.500000,1944.50
357,2015-09-11,02:17:00,1944.500000,1944.50
358,2015-09-11,02:18:00,1944.500000,1944.50
359,2015-09-11,02:19:00,1945.250000,1945.25
360,2015-09-11,02:20:00,1945.500000,1945.50
361,2015-09-11,02:21:00,1944.500000,1944.50
362,2015-09-11,02:22:00,1943.750000,1943.75
363,2015-09-11,02:23:00,1944.250000,1944.25
364,2015-09-11,02:24:00,1943.750000,1943.75
365,2015-09-11,02:25:00,1944.000000,1944.00
366,2015-09-11,02:26:00,1944.250000,1944.25
367,2015-09-11,02:27:00,1943.750000,1943.75
368,2015-09-11,02:28:00,1944.500000,1944.50
369,2015-09-11,02:29:00,1944.750000,1944.75
370,2015-09-11,02:30:00,1944.500000,1944.50
371,2015-09-11,02:31:00,1944.500000,1944.50
372,2015-09-11,02:32:00,1943.250000,1943.25
373,2015-09-11,02:33:00,1943.750000,1943.75
374,2015-09-11,02:34:00,1943.500000,1943.50
375,2015-09-11,02:35:00,1943.000000,1943.00
376,2015-09-11,02:36:00,1943.250000,1943.25
377,2015-09-11,02:37:00,1944.000000,1944.00
378,2015-09-11,02:38:00,1943.250000,1943.25
379,2015-09-11,02:39:00,1943.500000,1943.50
380,2015-09-11,02:40:00,1942.500000,1942.50
381,2015-09-11,02:41:00,1943.250000,1943.25
382,2015-09-11,02:42:00,1943.000000,1943.00
383,2015-09-11,02:43:00,1942.500000,1942.50
384,2015-09-11,02:44:00,1942.750000,1942.75
385,2015-09-11,02:45:00,1942.500000,1942.50
386,2015-09-11,02:46:00,1942.750000,1942.75
387,2015-09-11,02:47:00,1942.750000,1942.75
388,2015-09-11,02:48:00,1942.750000,1942.75
389,2015-09-11,02:49:00,1943.000000,1943.00
390,2015-09-11,02:50:00,1942.250000,1942.25
391,2015-09-11,02:51:00,1942.000000,1942.00
392,2015-09-11,02:52:00,1941.500000,1941.50
393,2015-09-11,02:53:00,1942.000000,1942.00
394,2015-09-11,02:54:00,1941.250000,1941.25
395,2015-09-11,02:55:00,1941.250000,1941.25
396,2015-09-11,02:56:00,1941.500000,1941.50
397,2015-09-11,02:57:00,1942.000000,1942.00
398,2015-09-11,02:58:00,1942.000000,1942.00
399,2015-09-11,02:59:00,1942.000000,1942.00
400,2015-09-11,03:00:00,1942.000000,1942.00
401,2015-09-11,03:01:00,1942.500000,1942.50
402,2015-09-11,03:02:00,1942.750000,1942.75
403,2015-09-11,03:03:00,1942.750000,1942.75
404,2015-09-11,03:04:00,1943.250000,1943.25
405,2015-09-11,03:05:00,1943.500000,1943.50
406,2015-09-11,03:06:00,1942.750000,1942.75
407,2015-09-11,03:07:00,1943.250000,1943.25
408,2015-09-11,03:08:00,1943.000000,1943.00
409,2015-09-11,03:09:00,1943.000000,1943.00
410,2015-09-11,03:10:00,1942.500000,1942.50
411,2015-09-11,03:11:00,1943.250000,1943.25
412,2015-09-11,03:12:00,1943.000000,1943.00
413,2015-09-11,03:13:00,1943.500000,1943.50
414,2015-09-11,03:14:00,1943.750000,1943.75
415,2015-09-11,03:15:00,1944.000000,1944.00
416,2015-09-11,03:16:00,1944.000000,1944.00
417,2015-09-11,03:17:00,1944.250000,1944.25
418,2015-09-11,03:18:00,1944.750000,1944.75
419,2015-09-11,03:19:00,1944.750000,1944.75
420,2015-09-11,03:20:00,1945.000000,1945.00
421,2015-09-11,03:21:00,1944.500000,1944.50
422,2015-09-11,03:22:00,1944.750000,1944.75
423,2015-09-11,03:23:00,1944.750000,1944.75
424,2015-09-11,03:24:00,1944.750000,1944.75
425,2015-09-11,03:25:00,1944.250000,1944.25
426,2015-09-11,03:26:00,1944.000000,1944.00
427,2015-09-11,03:27:00,1944.500000,1944.50
428,2015-09-11,03:28:00,1944.750000,1944.75
429,2015-09-11,03:29:00,1944.500000,1944.50
430,2015-09-11,03:30:00,1945.250000,1945.25
431,2015-09-11,03:31:00,1946.000000,1946.00
432,2015-09-11,03:32:00,1947.000000,1947.00
433,2015-09-11,03:33:00,1946.500000,1946.50
434,2015-09-11,03:34:00,1946.500000,1946.50
435,2015-09-11,03:35:00,1946.750000,1946.75
436,2015-09-11,03:36:00,1947.250000,1947.25
437,2015-09-11,03:37:00,1947.000000,1947.00
438,2015-09-11,03:38:00,1946.500000,1946.50
439,2015-09-11,03:39:00,1946.250000,1946.25
440,2015-09-11,03:40:00,1946.250000,1946.25
441,2015-09-11,03:41:00,1946.250000,1946.25
442,2015-09-11,03:42:00,1946.000000,1946.00
443,2015-09-11,03:43:00,1945.750000,1945.75
444,2015-09-11,03:44:00,1945.750000,1945.75
445,2015-09-11,03:45:00,1945.750000,1945.75
446,2015-09-11,03:46:00,1945.500000,1945.50
447,2015-09-11,03:47:00,1946.000000,1946.00
448,2015-09-11,03:48:00,1946.500000,1946.50
449,2015-09-11,03:49:00,1946.000000,1946.00
450,2015-09-11,03:50:00,1945.500000,1945.50
451,2015-09-11,03:51:00,1946.000000,1946.00
452,2015-09-11,03:52:00,1946.000000,1946.00
453,2015-09-11,03:53:00,1945.750000,1945.75
454,2015-09-11,03:54:00,1945.750000,1945.75
455,2015-09-11,03:55:00,1945.000000,1945.00
456,2015-09-11,03:56:00,1944.750000,1944.75
457,2015-09-11,03:57:00,1944.500000,1944.50
458,2015-09-11,03:58:00,1944.250000,1944.25
459,2015-09-11,03:59:00,1944.000000,1944.00
460,2015-09-11,04:00:00,1944.000000,1944.00
461,2015-09-11,04:01:00,1944.250000,1944.25
462,2015-09-11,04:02:00,1944.500000,1944.50
463,2015-09-11,04:03:00,1944.750000,1944.75
464,2015-09-11,04:04:00,1944.750000,1944.75
465,2015-09-11,04:05:00,1944.750000,1944.75
466,2015-09-11,04:06:00,1945.000000,1945.00
467,2015-09-11,04:07:00,1945.000000,1945.00
468,2015-09-11,04:08:00,1945.000000,1945.00
469,2015-09-11,04:09:00,1945.000000,1945.00
470,2015-09-11,04:10:00,1945.500000,1945.50
471,2015-09-11,04:11:00,1945.750000,1945.75
472,2015-09-11,04:12:00,1946.250000,1946.25
473,2015-09-11,04:13:00,1946.500000,1946.50
474,2015-09-11,04:14:00,1946.500000,1946.50
475,2015-09-11,04:15:00,1946.500000,1946.50
476,2015-09-11,04:16:00,1946.750000,1946.75
477,2015-09-11,04:17:00,1947.000000,1947.00
478,2015-09-11,04:18:00,1947.250000,1947.25
479,2015-09-11,04:19:00,1946.750000,1946.75
480,2015-09-11,04:20:00,1947.500000,1947.50
481,2015-09-11,04:21:00,1947.500000,1947.50
482,2015-09-11,04:22:00,1947.750000,1947.75
483,2015-09-11,04:23:00,1948.000000,1948.00
484,2015-09-11,04:24:00,1948.000000,1948.00
485,2015-09-11,04:25:00,1948.250000,1948.25
486,2015-09-11,04:26:00,1947.500000,1947.50
487,2015-09-11,04:27:00,1947.500000,1947.50
488,2015-09-11,04:28:00,1947.250000,1947.25
489,2015-09-11,04:29:00,1947.000000,1947.00
490,2015-09-11,04:30:00,1947.500000,1947.50
491,2015-09-11,04:31:00,1947.750000,1947.75
492,2015-09-11,04:32:00,1947.750000,1947.75
493,2015-09-11,04:33:00,1947.750000,1947.75
494,2015-09-11,04:34:00,1947.750000,1947.75
495,2015-09-11,04:35:00,1947.750000,1947.75
496,2015-09-11,04:36:00,1948.250000,1948.25
497,2015-09-11,04:37:00,1948.500000,1948.50
498,2015-09-11,04:38:00,1947.750000,1947.75
499,2015-09-11,04:39:00,1948.000000,1948.00
500,2015-09-11,04:40:00,1948.000000,1948.00
501,2015-09-11,04:41:00,1948.500000,1948.50
502,2015-09-11,04:42:00,1948.250000,1948.25
503,2015-09-11,04:43:00,1948.500000,1948.50
504,2015-09-11,04:44:00,1948.250000,1948.25
505,2015-09-11,04:45:00,1949.000000,1949.00
506,2015-09-11,04:46:00,1948.750000,1948.75
507,2015-09-11,04:47:00,1948.500000,1948.50
508,2015-09-11,04:48:00,1948.750000,1948.75
509,2015-09-11,04:49:00,1948.750000,1948.75
510,2015-09-11,04:50:00,1948.750000,1948.75
511,2015-09-11,04:51:00,1949.000000,1949.00
512,2015-09-11,04:52:00,1949.000000,1949.00
513,2015-09-11,04:53:00,1949.000000,1949.00
514,2015-09-11,04:54:00,1948.750000,1948.75
515,2015-09-11,04:55:00,1949.000000,1949.00
516,2015-09-11,04:56:00,1948.750000,1948.75
517,2015-09-11,04:57:00,1948.250000,1948.25
518,2015-09-11,04:58:00,1948.000000,1948.00
519,2015-09-11,04:59:00,1947.750000,1947.75
520,2015-09-11,05:00:00,1947.750000,1947.75
521,2015-09-11,05:01:00,1947.750000,1947.75
522,2015-09-11,05:02:00,1947.250000,1947.25
523,2015-09-11,05:03:00,1946.750000,1946.75
524,2015-09-11,05:04:00,1946.750000,1946.75
525,2015-09-11,05:05:00,1947.250000,1947.25
526,2015-09-11,05:06:00,1947.000000,1947.00
527,2015-09-11,05:07:00,1947.500000,1947.50
528,2015-09-11,05:08:00,1948.000000,1948.00
529,2015-09-11,05:09:00,1948.500000,1948.50
530,2015-09-11,05:10:00,1948.500000,1948.50
531,2015-09-11,05:11:00,1948.250000,1948.25
532,2015-09-11,05:12:00,1947.750000,1947.75
533,2015-09-11,05:13:00,1947.500000,1947.50
534,2015-09-11,05:14:00,1947.500000,1947.50
535,2015-09-11,05:15:00,1947.250000,1947.25
536,2015-09-11,05:16:00,1947.000000,1947.00
537,2015-09-11,05:17:00,1947.250000,1947.25
538,2015-09-11,05:18:00,1947.250000,1947.25
539,2015-09-11,05:19:00,1947.000000,1947.00
540,2015-09-11,05:20:00,1947.250000,1947.25
541,2015-09-11,05:21:00,1946.750000,1946.75
542,2015-09-11,05:22:00,1946.500000,1946.50
543,2015-09-11,05:23:00,1946.500000,1946.50
544,2015-09-11,05:24:00,1946.250000,1946.25
545,2015-09-11,05:25:00,1946.500000,1946.50
546,2015-09-11,05:26:00,1946.500000,1946.50
547,2015-09-11,05:27:00,1946.500000,1946.50
548,2015-09-11,05:28:00,1946.750000,1946.75
549,2015-09-11,05:29:00,1946.750000,1946.75
550,2015-09-11,05:30:00,1946.250000,1946.25
551,2015-09-11,05:31:00,1946.500000,1946.50
552,2015-09-11,05:32:00,1946.250000,1946.25
553,2015-09-11,05:33:00,1946.500000,1946.50
554,2015-09-11,05:34:00,1946.750000,1946.75
555,2015-09-11,05:35:00,1946.500000,1946.50
556,2015-09-11,05:36:00,1946.000000,1946.00
557,2015-09-11,05:37:00,1946.500000,1946.50
558,2015-09-11,05:38:00,1946.250000,1946.25
559,2015-09-11,05:39:00,1946.750000,1946.75
560,2015-09-11,05:40:00,1946.500000,1946.50
561,2015-09-11,05:41:00,1945.250000,1945.25
562,2015-09-11,05:42:00,1946.000000,1946.00
563,2015-09-11,05:43:00,1945.250000,1945.25
564,2015-09-11,05:44:00,1945.500000,1945.50
565,2015-09-11,05:45:00,1945.750000,1945.75
566,2015-09-11,05:46:00,1945.750000,1945.75
567,2015-09-11,05:47:00,1945.750000,1945.75
568,2015-09-11,05:48:00,1945.750000,1945.75
569,2015-09-11,05:49:00,1945.000000,1945.00
570,2015-09-11,05:50:00,1945.000000,1945.00
571,2015-09-11,05:51:00,1945.500000,1945.50
572,2015-09-11,05:52:00,1946.250000,1946.25
573,2015-09-11,05:53:00,1946.250000,1946.25
574,2015-09-11,05:54:00,1946.250000,1946.25
575,2015-09-11,05:55:00,1946.500000,1946.50
576,2015-09-11,05:56:00,1946.500000,1946.50
577,2015-09-11,05:57:00,1946.500000,1946.50
578,2015-09-11,05:58:00,1946.500000,1946.50
579,2015-09-11,05:59:00,1946.750000,1946.75
580,2015-09-11,06:00:00,1946.750000,1946.75
581,2015-09-11,06:01:00,1946.500000,1946.50
582,2015-09-11,06:02:00,1946.750000,1946.75
583,2015-09-11,06:03:00,1947.000000,1947.00
584,2015-09-11,06:04:00,1947.250000,1947.25
585,2015-09-11,06:05:00,1947.500000,1947.50
586,2015-09-11,06:06:00,1947.250000,1947.25
587,2015-09-11,06:07:00,1946.750000,1946.75
588,2015-09-11,06:08:00,1947.250000,1947.25
589,2015-09-11,06:09:00,1947.000000,1947.00
590,2015-09-11,06:10:00,1947.250000,1947.25
591,2015-09-11,06:11:00,1947.250000,1947.25
592,2015-09-11,06:12:00,1947.000000,1947.00
593,2015-09-11,06:13:00,1947.250000,1947.25
594,2015-09-11,06:14:00,1947.500000,1947.50
595,2015-09-11,06:15:00,1947.250000,1947.25
596,2015-09-11,06:16:00,1947.000000,1947.00
597,2015-09-11,06:17:00,1947.000000,1947.00
598,2015-09-11,06:18:00,1947.250000,1947.25
599,2015-09-11,06:19:00,1947.250000,1947.25
600,2015-09-11,06:20:00,1947.250000,1947.25
601,2015-09-11,06:21:00,1947.250000,1947.25
602,2015-09-11,06:22:00,1947.250000,1947.25
603,2015-09-11,06:23:00,1947.250000,1947.25
604,2015-09-11,06:24:00,1947.000000,1947.00
605,2015-09-11,06:25:00,1947.000000,1947.00
606,2015-09-11,06:26:00,1946.500000,1946.50
607,2015-09-11,06:27:00,1946.500000,1946.50
608,2015-09-11,06:28:00,1946.250000,1946.25
609,2015-09-11,06:29:00,1946.250000,1946.25
610,2015-09-11,06:30:00,1946.250000,1946.25
611,2015-09-11,06:31:00,1945.750000,1945.75
612,2015-09-11,06:32:00,1946.000000,1946.00
613,2015-09-11,06:33:00,1946.000000,1946.00
614,2015-09-11,06:34:00,1946.250000,1946.25
615,2015-09-11,06:35:00,1946.250000,1946.25
616,2015-09-11,06:36:00,1946.250000,1946.25
617,2015-09-11,06:37:00,1946.500000,1946.50
618,2015-09-11,06:38:00,1946.500000,1946.50
619,2015-09-11,06:39:00,1946.000000,1946.00
620,2015-09-11,06:40:00,1946.000000,1946.00
621,2015-09-11,06:41:00,1945.750000,1945.75
622,2015-09-11,06:42:00,1946.000000,1946.00
623,2015-09-11,06:43:00,1946.000000,1946.00
624,2015-09-11,06:44:00,1946.000000,1946.00
625,2015-09-11,06:45:00,1945.750000,1945.75
626,2015-09-11,06:46:00,1946.000000,1946.00
627,2015-09-11,06:47:00,1946.000000,1946.00
628,2015-09-11,06:48:00,1946.250000,1946.25
629,2015-09-11,06:49:00,1946.000000,1946.00
630,2015-09-11,06:50:00,1946.500000,1946.50
631,2015-09-11,06:51:00,1946.500000,1946.50
632,2015-09-11,06:52:00,1946.500000,1946.50
633,2015-09-11,06:53:00,1946.250000,1946.25
634,2015-09-11,06:54:00,1946.250000,1946.25
635,2015-09-11,06:55:00,1946.250000,1946.25
636,2015-09-11,06:56:00,1946.500000,1946.50
637,2015-09-11,06:57:00,1946.500000,1946.50
638,2015-09-11,06:58:00,1946.500000,1946.50
639,2015-09-11,06:59:00,1946.500000,1946.50
640,2015-09-11,07:00:00,1946.500000,1946.50
641,2015-09-11,07:01:00,1946.750000,1946.75
642,2015-09-11,07:02:00,1946.750000,1946.75
643,2015-09-11,07:03:00,1947.000000,1947.00
644,2015-09-11,07:04:00,1946.250000,1946.25
645,2015-09-11,07:05:00,1946.500000,1946.50
646,2015-09-11,07:06:00,1946.250000,1946.25
647,2015-09-11,07:07:00,1946.250000,1946.25
648,2015-09-11,07:08:00,1946.500000,1946.50
649,2015-09-11,07:09:00,1946.500000,1946.50
650,2015-09-11,07:10:00,1946.750000,1946.75
651,2015-09-11,07:11:00,1946.750000,1946.75
652,2015-09-11,07:12:00,1946.750000,1946.75
653,2015-09-11,07:13:00,1946.750000,1946.75
654,2015-09-11,07:14:00,1946.750000,1946.75
655,2015-09-11,07:15:00,1947.000000,1947.00
656,2015-09-11,07:16:00,1947.250000,1947.25
657,2015-09-11,07:17:00,1947.000000,1947.00
658,2015-09-11,07:18:00,1946.750000,1946.75
659,2015-09-11,07:19:00,1946.250000,1946.25
660,2015-09-11,07:20:00,1946.250000,1946.25
661,2015-09-11,07:21:00,1946.250000,1946.25
662,2015-09-11,07:22:00,1946.250000,1946.25
663,2015-09-11,07:23:00,1946.250000,1946.25
664,2015-09-11,07:24:00,1946.250000,1946.25
665,2015-09-11,07:25:00,1946.000000,1946.00
666,2015-09-11,07:26:00,1945.500000,1945.50
667,2015-09-11,07:27:00,1945.500000,1945.50
668,2015-09-11,07:28:00,1945.500000,1945.50
669,2015-09-11,07:29:00,1945.500000,1945.50
670,2015-09-11,07:30:00,1945.750000,1945.75
671,2015-09-11,07:31:00,1945.500000,1945.50
672,2015-09-11,07:32:00,1945.500000,1945.50
673,2015-09-11,07:33:00,1945.000000,1945.00
674,2015-09-11,07:34:00,1945.250000,1945.25
675,2015-09-11,07:35:00,1945.250000,1945.25
676,2015-09-11,07:36:00,1945.500000,1945.50
677,2015-09-11,07:37:00,1945.500000,1945.50
678,2015-09-11,07:38:00,1945.500000,1945.50
679,2015-09-11,07:39:00,1945.250000,1945.25
680,2015-09-11,07:40:00,1945.000000,1945.00
681,2015-09-11,07:41:00,1944.750000,1944.75
682,2015-09-11,07:42:00,1944.750000,1944.75
683,2015-09-11,07:43:00,1944.000000,1944.00
684,2015-09-11,07:44:00,1944.000000,1944.00
685,2015-09-11,07:45:00,1943.500000,1943.50
686,2015-09-11,07:46:00,1943.750000,1943.75
687,2015-09-11,07:47:00,1943.750000,1943.75
688,2015-09-11,07:48:00,1943.000000,1943.00
689,2015-09-11,07:49:00,1943.500000,1943.50
690,2015-09-11,07:50:00,1943.500000,1943.50
691,2015-09-11,07:51:00,1944.000000,1944.00
692,2015-09-11,07:52:00,1944.000000,1944.00
693,2015-09-11,07:53:00,1944.250000,1944.25
694,2015-09-11,07:54:00,1944.000000,1944.00
695,2015-09-11,07:55:00,1944.250000,1944.25
696,2015-09-11,07:56:00,1944.000000,1944.00
697,2015-09-11,07:57:00,1944.750000,1944.75
698,2015-09-11,07:58:00,1944.750000,1944.75
699,2015-09-11,07:59:00,1945.000000,1945.00
700,2015-09-11,08:00:00,1943.750000,1943.75
701,2015-09-11,08:01:00,1943.000000,1943.00
702,2015-09-11,08:02:00,1942.250000,1942.25
703,2015-09-11,08:03:00,1943.250000,1943.25
704,2015-09-11,08:04:00,1943.250000,1943.25
705,2015-09-11,08:05:00,1945.000000,1945.00
706,2015-09-11,08:06:00,1944.250000,1944.25
707,2015-09-11,08:07:00,1944.250000,1944.25
708,2015-09-11,08:08:00,1944.250000,1944.25
709,2015-09-11,08:09:00,1944.250000,1944.25
710,2015-09-11,08:10:00,1944.750000,1944.75
711,2015-09-11,08:11:00,1945.750000,1945.75
712,2015-09-11,08:12:00,1945.750000,1945.75
713,2015-09-11,08:13:00,1945.750000,1945.75
714,2015-09-11,08:14:00,1946.000000,1946.00
715,2015-09-11,08:15:00,1946.000000,1946.00
716,2015-09-11,08:16:00,1945.500000,1945.50
717,2015-09-11,08:17:00,1945.250000,1945.25
718,2015-09-11,08:18:00,1945.500000,1945.50
719,2015-09-11,08:19:00,1944.500000,1944.50
720,2015-09-11,08:20:00,1945.250000,1945.25
721,2015-09-11,08:21:00,1946.000000,1946.00
722,2015-09-11,08:22:00,1945.500000,1945.50
723,2015-09-11,08:23:00,1945.750000,1945.75
724,2015-09-11,08:24:00,1945.750000,1945.75
725,2015-09-11,08:25:00,1945.250000,1945.25
726,2015-09-11,08:26:00,1945.000000,1945.00
727,2015-09-11,08:27:00,1944.500000,1944.50
728,2015-09-11,08:28:00,1944.500000,1944.50
729,2015-09-11,08:29:00,1944.750000,1944.75
730,2015-09-11,08:30:00,1944.750000,1944.75
731,2015-09-11,08:31:00,1944.500000,1944.50
732,2015-09-11,08:32:00,1944.750000,1944.75
733,2015-09-11,08:33:00,1944.500000,1944.50
734,2015-09-11,08:34:00,1944.500000,1944.50
735,2015-09-11,08:35:00,1944.750000,1944.75
736,2015-09-11,08:36:00,1944.500000,1944.50
737,2015-09-11,08:37:00,1944.000000,1944.00
738,2015-09-11,08:38:00,1943.250000,1943.25
739,2015-09-11,08:39:00,1943.000000,1943.00
740,2015-09-11,08:40:00,1942.500000,1942.50
741,2015-09-11,08:41:00,1942.500000,1942.50
742,2015-09-11,08:42:00,1942.750000,1942.75
743,2015-09-11,08:43:00,1943.250000,1943.25
744,2015-09-11,08:44:00,1943.000000,1943.00
745,2015-09-11,08:45:00,1943.000000,1943.00
746,2015-09-11,08:46:00,1942.750000,1942.75
747,2015-09-11,08:47:00,1942.250000,1942.25
748,2015-09-11,08:48:00,1943.250000,1943.25
749,2015-09-11,08:49:00,1943.000000,1943.00
750,2015-09-11,08:50:00,1942.750000,1942.75
751,2015-09-11,08:51:00,1942.500000,1942.50
752,2015-09-11,08:52:00,1944.250000,1944.25
753,2015-09-11,08:53:00,1944.000000,1944.00
754,2015-09-11,08:54:00,1944.500000,1944.50
755,2015-09-11,08:55:00,1944.500000,1944.50
756,2015-09-11,08:56:00,1944.000000,1944.00
757,2015-09-11,08:57:00,1943.250000,1943.25
758,2015-09-11,08:58:00,1943.250000,1943.25
759,2015-09-11,08:59:00,1943.500000,1943.50
760,2015-09-11,09:00:00,1944.000000,1944.00
761,2015-09-11,09:01:00,1943.500000,1943.50
762,2015-09-11,09:02:00,1941.750000,1941.75
763,2015-09-11,09:03:00,1940.750000,1940.75
764,2015-09-11,09:04:00,1940.250000,1940.25
765,2015-09-11,09:05:00,1939.500000,1939.50
766,2015-09-11,09:06:00,1938.500000,1938.50
767,2015-09-11,09:07:00,1938.500000,1938.50
768,2015-09-11,09:08:00,1937.500000,1937.50
769,2015-09-11,09:09:00,1937.500000,1937.50
770,2015-09-11,09:10:00,1939.000000,1939.00
771,2015-09-11,09:11:00,1939.500000,1939.50
772,2015-09-11,09:12:00,1939.250000,1939.25
773,2015-09-11,09:13:00,1939.000000,1939.00
774,2015-09-11,09:14:00,1938.750000,1938.75
775,2015-09-11,09:15:00,1937.250000,1937.25
776,2015-09-11,09:16:00,1937.500000,1937.50
777,2015-09-11,09:17:00,1937.750000,1937.75
778,2015-09-11,09:18:00,1938.000000,1938.00
779,2015-09-11,09:19:00,1938.500000,1938.50
780,2015-09-11,09:20:00,1938.000000,1938.00
781,2015-09-11,09:21:00,1935.500000,1935.50
782,2015-09-11,09:22:00,1934.000000,1934.00
783,2015-09-11,09:23:00,1935.000000,1935.00
784,2015-09-11,09:24:00,1935.250000,1935.25
785,2015-09-11,09:25:00,1934.750000,1934.75
786,2015-09-11,09:26:00,1934.750000,1934.75
787,2015-09-11,09:27:00,1936.000000,1936.00
788,2015-09-11,09:28:00,1936.000000,1936.00
789,2015-09-11,09:29:00,1935.750000,1935.75
790,2015-09-11,09:30:00,1935.000000,1935.00
791,2015-09-11,09:31:00,1937.000000,1937.00
792,2015-09-11,09:32:00,1937.250000,1937.25
793,2015-09-11,09:33:00,1936.500000,1936.50
794,2015-09-11,09:34:00,1936.500000,1936.50
795,2015-09-11,09:35:00,1936.750000,1936.75
796,2015-09-11,09:36:00,1935.500000,1935.50
797,2015-09-11,09:37:00,1935.500000,1935.50
798,2015-09-11,09:38:00,1933.750000,1933.75
799,2015-09-11,09:39:00,1933.750000,1933.75
800,2015-09-11,09:40:00,1932.500000,1932.50
801,2015-09-11,09:41:00,1933.000000,1933.00
802,2015-09-11,09:42:00,1933.250000,1933.25
803,2015-09-11,09:43:00,1933.750000,1933.75
804,2015-09-11,09:44:00,1935.250000,1935.25
805,2015-09-11,09:45:00,1936.000000,1936.00
806,2015-09-11,09:46:00,1935.250000,1935.25
807,2015-09-11,09:47:00,1936.000000,1936.00
808,2015-09-11,09:48:00,1935.250000,1935.25
809,2015-09-11,09:49:00,1936.250000,1936.25
810,2015-09-11,09:50:00,1936.750000,1936.75
811,2015-09-11,09:51:00,1937.250000,1937.25
812,2015-09-11,09:52:00,1937.000000,1937.00
813,2015-09-11,09:53:00,1936.750000,1936.75
814,2015-09-11,09:54:00,1936.750000,1936.75
815,2015-09-11,09:55:00,1937.000000,1937.00
816,2015-09-11,09:56:00,1937.750000,1937.75
817,2015-09-11,09:57:00,1940.500000,1940.50
818,2015-09-11,09:58:00,1939.500000,1939.50
819,2015-09-11,09:59:00,1939.000000,1939.00
820,2015-09-11,10:00:00,1940.000000,1940.00
821,2015-09-11,10:01:00,1939.750000,1939.75
822,2015-09-11,10:02:00,1938.500000,1938.50
823,2015-09-11,10:03:00,1938.250000,1938.25
824,2015-09-11,10:04:00,1937.000000,1937.00
825,2015-09-11,10:05:00,1936.000000,1936.00
826,2015-09-11,10:06:00,1935.500000,1935.50
827,2015-09-11,10:07:00,1935.500000,1935.50
828,2015-09-11,10:08:00,1936.000000,1936.00
829,2015-09-11,10:09:00,1936.250000,1936.25
830,2015-09-11,10:10:00,1936.500000,1936.50
831,2015-09-11,10:11:00,1936.750000,1936.75
832,2015-09-11,10:12:00,1936.250000,1936.25
833,2015-09-11,10:13:00,1936.000000,1936.00
834,2015-09-11,10:14:00,1936.500000,1936.50
835,2015-09-11,10:15:00,1936.000000,1936.00
836,2015-09-11,10:16:00,1935.500000,1935.50
837,2015-09-11,10:17:00,1934.750000,1934.75
838,2015-09-11,10:18:00,1933.000000,1933.00
839,2015-09-11,10:19:00,1932.500000,1932.50
840,2015-09-11,10:20:00,1932.750000,1932.75
841,2015-09-11,10:21:00,1932.750000,1932.75
842,2015-09-11,10:22:00,1932.250000,1932.25
843,2015-09-11,10:23:00,1932.250000,1932.25
844,2015-09-11,10:24:00,1933.250000,1933.25
845,2015-09-11,10:25:00,1934.000000,1934.00
846,2015-09-11,10:26:00,1933.500000,1933.50
847,2015-09-11,10:27:00,1935.250000,1935.25
848,2015-09-11,10:28:00,1934.250000,1934.25
849,2015-09-11,10:29:00,1934.750000,1934.75
850,2015-09-11,10:30:00,1933.500000,1933.50
851,2015-09-11,10:31:00,1932.250000,1932.25
852,2015-09-11,10:32:00,1932.750000,1932.75
853,2015-09-11,10:33:00,1932.250000,1932.25
854,2015-09-11,10:34:00,1933.000000,1933.00
855,2015-09-11,10:35:00,1934.000000,1934.00
856,2015-09-11,10:36:00,1934.000000,1934.00
857,2015-09-11,10:37:00,1934.500000,1934.50
858,2015-09-11,10:38:00,1934.750000,1934.75
859,2015-09-11,10:39:00,1934.000000,1934.00
860,2015-09-11,10:40:00,1933.750000,1933.75
861,2015-09-11,10:41:00,1933.250000,1933.25
862,2015-09-11,10:42:00,1933.000000,1933.00
863,2015-09-11,10:43:00,1932.000000,1932.00
864,2015-09-11,10:44:00,1931.500000,1931.50
865,2015-09-11,10:45:00,1932.000000,1932.00
866,2015-09-11,10:46:00,1932.000000,1932.00
867,2015-09-11,10:47:00,1931.500000,1931.50
868,2015-09-11,10:48:00,1930.500000,1930.50
869,2015-09-11,10:49:00,1931.000000,1931.00
870,2015-09-11,10:50:00,1931.750000,1931.75
871,2015-09-11,10:51:00,1931.250000,1931.25
872,2015-09-11,10:52:00,1931.500000,1931.50
873,2015-09-11,10:53:00,1931.250000,1931.25
874,2015-09-11,10:54:00,1931.000000,1931.00
875,2015-09-11,10:55:00,1930.250000,1930.25
876,2015-09-11,10:56:00,1929.500000,1929.50
877,2015-09-11,10:57:00,1928.250000,1928.25
878,2015-09-11,10:58:00,1929.250000,1929.25
879,2015-09-11,10:59:00,1929.000000,1929.00
880,2015-09-11,11:00:00,1929.000000,1929.00
881,2015-09-11,11:01:00,1927.750000,1927.75
882,2015-09-11,11:02:00,1928.000000,1928.00
883,2015-09-11,11:03:00,1929.750000,1929.75
884,2015-09-11,11:04:00,1930.000000,1930.00
885,2015-09-11,11:05:00,1930.500000,1930.50
886,2015-09-11,11:06:00,1931.000000,1931.00
887,2015-09-11,11:07:00,1930.500000,1930.50
888,2015-09-11,11:08:00,1929.750000,1929.75
889,2015-09-11,11:09:00,1930.500000,1930.50
890,2015-09-11,11:10:00,1931.000000,1931.00
891,2015-09-11,11:11:00,1930.500000,1930.50
892,2015-09-11,11:12:00,1931.750000,1931.75
893,2015-09-11,11:13:00,1931.500000,1931.50
894,2015-09-11,11:14:00,1931.000000,1931.00
895,2015-09-11,11:15:00,1931.250000,1931.25
896,2015-09-11,11:16:00,1931.250000,1931.25
897,2015-09-11,11:17:00,1931.500000,1931.50
898,2015-09-11,11:18:00,1931.000000,1931.00
899,2015-09-11,11:19:00,1931.000000,1931.00
900,2015-09-11,11:20:00,1930.750000,1930.75
901,2015-09-11,11:21:00,1929.750000,1929.75
902,2015-09-11,11:22:00,1929.750000,1929.75
903,2015-09-11,11:23:00,1929.250000,1929.25
904,2015-09-11,11:24:00,1930.750000,1930.75
905,2015-09-11,11:25:00,1930.500000,1930.50
906,2015-09-11,11:26:00,1931.000000,1931.00
907,2015-09-11,11:27:00,1931.000000,1931.00
908,2015-09-11,11:28:00,1932.250000,1932.25
909,2015-09-11,11:29:00,1932.500000,1932.50
910,2015-09-11,11:30:00,1933.250000,1933.25
911,2015-09-11,11:31:00,1933.000000,1933.00
912,2015-09-11,11:32:00,1933.250000,1933.25
913,2015-09-11,11:33:00,1932.500000,1932.50
914,2015-09-11,11:34:00,1933.000000,1933.00
915,2015-09-11,11:35:00,1932.750000,1932.75
916,2015-09-11,11:36:00,1932.750000,1932.75
917,2015-09-11,11:37:00,1932.750000,1932.75
918,2015-09-11,11:38:00,1932.250000,1932.25
919,2015-09-11,11:39:00,1932.250000,1932.25
920,2015-09-11,11:40:00,1931.000000,1931.00
921,2015-09-11,11:41:00,1931.750000,1931.75
922,2015-09-11,11:42:00,1931.750000,1931.75
923,2015-09-11,11:43:00,1931.500000,1931.50
924,2015-09-11,11:44:00,1931.750000,1931.75
925,2015-09-11,11:45:00,1933.000000,1933.00
926,2015-09-11,11:46:00,1933.250000,1933.25
927,2015-09-11,11:47:00,1933.500000,1933.50
928,2015-09-11,11:48:00,1933.500000,1933.50
929,2015-09-11,11:49:00,1934.250000,1934.25
930,2015-09-11,11:50:00,1935.000000,1935.00
931,2015-09-11,11:51:00,1935.000000,1935.00
932,2015-09-11,11:52:00,1935.000000,1935.00
933,2015-09-11,11:53:00,1935.750000,1935.75
934,2015-09-11,11:54:00,1935.250000,1935.25
935,2015-09-11,11:55:00,1934.500000,1934.50
936,2015-09-11,11:56:00,1936.000000,1936.00
937,2015-09-11,11:57:00,1936.000000,1936.00
938,2015-09-11,11:58:00,1935.500000,1935.50
939,2015-09-11,11:59:00,1936.500000,1936.50
940,2015-09-11,12:00:00,1936.500000,1936.50
941,2015-09-11,12:01:00,1937.000000,1937.00
942,2015-09-11,12:02:00,1936.500000,1936.50
943,2015-09-11,12:03:00,1935.750000,1935.75
944,2015-09-11,12:04:00,1935.750000,1935.75
945,2015-09-11,12:05:00,1935.500000,1935.50
946,2015-09-11,12:06:00,1934.250000,1934.25
947,2015-09-11,12:07:00,1933.500000,1933.50
948,2015-09-11,12:08:00,1933.750000,1933.75
949,2015-09-11,12:09:00,1933.750000,1933.75
950,2015-09-11,12:10:00,1932.750000,1932.75
951,2015-09-11,12:11:00,1933.250000,1933.25
952,2015-09-11,12:12:00,1933.500000,1933.50
953,2015-09-11,12:13:00,1933.500000,1933.50
954,2015-09-11,12:14:00,1934.000000,1934.00
955,2015-09-11,12:15:00,1934.000000,1934.00
956,2015-09-11,12:16:00,1933.750000,1933.75
957,2015-09-11,12:17:00,1934.500000,1934.50
958,2015-09-11,12:18:00,1935.250000,1935.25
959,2015-09-11,12:19:00,1935.750000,1935.75
960,2015-09-11,12:20:00,1936.000000,1936.00
961,2015-09-11,12:21:00,1936.000000,1936.00
962,2015-09-11,12:22:00,1936.250000,1936.25
963,2015-09-11,12:23:00,1935.250000,1935.25
964,2015-09-11,12:24:00,1935.000000,1935.00
965,2015-09-11,12:25:00,1935.250000,1935.25
966,2015-09-11,12:26:00,1935.000000,1935.00
967,2015-09-11,12:27:00,1934.500000,1934.50
968,2015-09-11,12:28:00,1934.750000,1934.75
969,2015-09-11,12:29:00,1934.000000,1934.00
970,2015-09-11,12:30:00,1933.750000,1933.75
971,2015-09-11,12:31:00,1934.000000,1934.00
972,2015-09-11,12:32:00,1934.000000,1934.00
973,2015-09-11,12:33:00,1934.000000,1934.00
974,2015-09-11,12:34:00,1932.750000,1932.75
975,2015-09-11,12:35:00,1933.250000,1933.25
976,2015-09-11,12:36:00,1934.000000,1934.00
977,2015-09-11,12:37:00,1934.500000,1934.50
978,2015-09-11,12:38:00,1934.500000,1934.50
979,2015-09-11,12:39:00,1934.750000,1934.75
980,2015-09-11,12:40:00,1934.000000,1934.00
981,2015-09-11,12:41:00,1934.500000,1934.50
982,2015-09-11,12:42:00,1934.500000,1934.50
983,2015-09-11,12:43:00,1934.500000,1934.50
984,2015-09-11,12:44:00,1934.250000,1934.25
985,2015-09-11,12:45:00,1934.000000,1934.00
986,2015-09-11,12:46:00,1933.250000,1933.25
987,2015-09-11,12:47:00,1933.250000,1933.25
988,2015-09-11,12:48:00,1933.500000,1933.50
989,2015-09-11,12:49:00,1934.000000,1934.00
990,2015-09-11,12:50:00,1934.250000,1934.25
991,2015-09-11,12:51:00,1934.250000,1934.25
992,2015-09-11,12:52:00,1932.250000,1932.25
993,2015-09-11,12:53:00,1931.750000,1931.75
994,2015-09-11,12:54:00,1931.750000,1931.75
995,2015-09-11,12:55:00,1931.750000,1931.75
996,2015-09-11,12:56:00,1931.250000,1931.25
997,2015-09-11,12:57:00,1930.750000,1930.75
998,2015-09-11,12:58:00,1930.500000,1930.50
999,2015-09-11,12:59:00,1930.250000,1930.25
1000,2015-09-11,13:00:00,1930.250000,1930.25
1001,2015-09-11,13:01:00,1930.750000,1930.75
1002,2015-09-11,13:02:00,1929.500000,1929.50
1003,2015-09-11,13:03:00,1929.500000,1929.50
1004,2015-09-11,13:04:00,1929.000000,1929.00
1005,2015-09-11,13:05:00,1929.750000,1929.75
1006,2015-09-11,13:06:00,1929.750000,1929.75
1007,2015-09-11,13:07:00,1929.500000,1929.50
1008,2015-09-11,13:08:00,1931.000000,1931.00
1009,2015-09-11,13:09:00,1931.250000,1931.25
1010,2015-09-11,13:10:00,1931.750000,1931.75
1011,2015-09-11,13:11:00,1932.500000,1932.50
1012,2015-09-11,13:12:00,1932.500000,1932.50
1013,2015-09-11,13:13:00,1932.750000,1932.75
1014,2015-09-11,13:14:00,1932.500000,1932.50
1015,2015-09-11,13:15:00,1932.500000,1932.50
1016,2015-09-11,13:16:00,1932.250000,1932.25
1017,2015-09-11,13:17:00,1932.500000,1932.50
1018,2015-09-11,13:18:00,1932.500000,1932.50
1019,2015-09-11,13:19:00,1932.750000,1932.75
1020,2015-09-11,13:20:00,1933.000000,1933.00
1021,2015-09-11,13:21:00,1932.750000,1932.75
1022,2015-09-11,13:22:00,1932.500000,1932.50
1023,2015-09-11,13:23:00,1932.750000,1932.75
1024,2015-09-11,13:24:00,1933.500000,1933.50
1025,2015-09-11,13:25:00,1934.500000,1934.50
1026,2015-09-11,13:26:00,1934.250000,1934.25
1027,2015-09-11,13:27:00,1933.750000,1933.75
1028,2015-09-11,13:28:00,1933.750000,1933.75
1029,2015-09-11,13:29:00,1933.000000,1933.00
1030,2015-09-11,13:30:00,1933.500000,1933.50
1031,2015-09-11,13:31:00,1934.000000,1934.00
1032,2015-09-11,13:32:00,1933.500000,1933.50
1033,2015-09-11,13:33:00,1933.750000,1933.75
1034,2015-09-11,13:34:00,1934.500000,1934.50
1035,2015-09-11,13:35:00,1934.250000,1934.25
1036,2015-09-11,13:36:00,1934.250000,1934.25
1037,2015-09-11,13:37:00,1934.000000,1934.00
1038,2015-09-11,13:38:00,1933.750000,1933.75
1039,2015-09-11,13:39:00,1933.500000,1933.50
1040,2015-09-11,13:40:00,1933.000000,1933.00
1041,2015-09-11,13:41:00,1933.250000,1933.25
1042,2015-09-11,13:42:00,1933.250000,1933.25
1043,2015-09-11,13:43:00,1934.500000,1934.50
1044,2015-09-11,13:44:00,1934.750000,1934.75
1045,2015-09-11,13:45:00,1934.500000,1934.50
1046,2015-09-11,13:46:00,1934.750000,1934.75
1047,2015-09-11,13:47:00,1934.750000,1934.75
1048,2015-09-11,13:48:00,1935.250000,1935.25
1049,2015-09-11,13:49:00,1935.000000,1935.00
1050,2015-09-11,13:50:00,1935.750000,1935.75
1051,2015-09-11,13:51:00,1935.000000,1935.00
1052,2015-09-11,13:52:00,1934.250000,1934.25
1053,2015-09-11,13:53:00,1934.250000,1934.25
1054,2015-09-11,13:54:00,1933.750000,1933.75
1055,2015-09-11,13:55:00,1934.250000,1934.25
1056,2015-09-11,13:56:00,1934.500000,1934.50
1057,2015-09-11,13:57:00,1934.500000,1934.50
1058,2015-09-11,13:58:00,1934.500000,1934.50
1059,2015-09-11,13:59:00,1934.500000,1934.50
1060,2015-09-11,14:00:00,1934.250000,1934.25
1061,2015-09-11,14:01:00,1933.500000,1933.50
1062,2015-09-11,14:02:00,1933.750000,1933.75
1063,2015-09-11,14:03:00,1933.500000,1933.50
1064,2015-09-11,14:04:00,1934.500000,1934.50
1065,2015-09-11,14:05:00,1934.250000,1934.25
1066,2015-09-11,14:06:00,1934.000000,1934.00
1067,2015-09-11,14:07:00,1933.500000,1933.50
1068,2015-09-11,14:08:00,1933.750000,1933.75
1069,2015-09-11,14:09:00,1933.750000,1933.75
1070,2015-09-11,14:10:00,1933.250000,1933.25
1071,2015-09-11,14:11:00,1933.250000,1933.25
1072,2015-09-11,14:12:00,1933.000000,1933.00
1073,2015-09-11,14:13:00,1934.500000,1934.50
1074,2015-09-11,14:14:00,1933.750000,1933.75
1075,2015-09-11,14:15:00,1934.250000,1934.25
1076,2015-09-11,14:16:00,1934.250000,1934.25
1077,2015-09-11,14:17:00,1932.750000,1932.75
1078,2015-09-11,14:18:00,1934.000000,1934.00
1079,2015-09-11,14:19:00,1934.250000,1934.25
1080,2015-09-11,14:20:00,1935.500000,1935.50
1081,2015-09-11,14:21:00,1936.250000,1936.25
1082,2015-09-11,14:22:00,1936.250000,1936.25
1083,2015-09-11,14:23:00,1936.000000,1936.00
1084,2015-09-11,14:24:00,1936.750000,1936.75
1085,2015-09-11,14:25:00,1936.000000,1936.00
1086,2015-09-11,14:26:00,1936.250000,1936.25
1087,2015-09-11,14:27:00,1936.750000,1936.75
1088,2015-09-11,14:28:00,1936.750000,1936.75
1089,2015-09-11,14:29:00,1936.500000,1936.50
1090,2015-09-11,14:30:00,1936.000000,1936.00
1091,2015-09-11,14:31:00,1934.750000,1934.75
1092,2015-09-11,14:32:00,1934.000000,1934.00
1093,2015-09-11,14:33:00,1934.000000,1934.00
1094,2015-09-11,14:34:00,1935.250000,1935.25
1095,2015-09-11,14:35:00,1934.500000,1934.50
1096,2015-09-11,14:36:00,1934.250000,1934.25
1097,2015-09-11,14:37:00,1933.250000,1933.25
1098,2015-09-11,14:38:00,1933.250000,1933.25
1099,2015-09-11,14:39:00,1932.500000,1932.50
1100,2015-09-11,14:40:00,1931.500000,1931.50
1101,2015-09-11,14:41:00,1932.250000,1932.25
1102,2015-09-11,14:42:00,1931.500000,1931.50
1103,2015-09-11,14:43:00,1932.500000,1932.50
1104,2015-09-11,14:44:00,1932.500000,1932.50
1105,2015-09-11,14:45:00,1931.000000,1931.00
1106,2015-09-11,14:46:00,1930.500000,1930.50
1107,2015-09-11,14:47:00,1930.750000,1930.75
1108,2015-09-11,14:48:00,1931.500000,1931.50
1109,2015-09-11,14:49:00,1932.250000,1932.25
1110,2015-09-11,14:50:00,1932.000000,1932.00
1111,2015-09-11,14:51:00,1931.750000,1931.75
1112,2015-09-11,14:52:00,1932.750000,1932.75
1113,2015-09-11,14:53:00,1932.250000,1932.25
1114,2015-09-11,14:54:00,1931.500000,1931.50
1115,2015-09-11,14:55:00,1930.000000,1930.00
1116,2015-09-11,14:56:00,1930.250000,1930.25
1117,2015-09-11,14:57:00,1930.750000,1930.75
1118,2015-09-11,14:58:00,1931.500000,1931.50
1119,2015-09-11,14:59:00,1930.750000,1930.75
1120,2015-09-11,15:00:00,1931.000000,1931.00
1121,2015-09-11,15:01:00,1931.250000,1931.25
1122,2015-09-11,15:02:00,1931.500000,1931.50
1123,2015-09-11,15:03:00,1932.750000,1932.75
1124,2015-09-11,15:04:00,1932.750000,1932.75
1125,2015-09-11,15:05:00,1932.000000,1932.00
1126,2015-09-11,15:06:00,1932.000000,1932.00
1127,2015-09-11,15:07:00,1931.750000,1931.75
1128,2015-09-11,15:08:00,1931.250000,1931.25
1129,2015-09-11,15:09:00,1931.000000,1931.00
1130,2015-09-11,15:10:00,1931.500000,1931.50
1131,2015-09-11,15:11:00,1931.750000,1931.75
1132,2015-09-11,15:12:00,1930.750000,1930.75
1133,2015-09-11,15:13:00,1930.750000,1930.75
1134,2015-09-11,15:14:00,1931.750000,1931.75
1135,2015-09-11,15:15:00,1932.750000,1932.75
1136,2015-09-11,15:16:00,1932.500000,1932.50
1137,2015-09-11,15:17:00,1932.500000,1932.50
1138,2015-09-11,15:18:00,1932.500000,1932.50
1139,2015-09-11,15:19:00,1931.750000,1931.75
1140,2015-09-11,15:20:00,1931.750000,1931.75
1141,2015-09-11,15:21:00,1932.250000,1932.25
1142,2015-09-11,15:22:00,1932.000000,1932.00
1143,2015-09-11,15:23:00,1932.250000,1932.25
1144,2015-09-11,15:24:00,1932.250000,1932.25
1145,2015-09-11,15:25:00,1932.750000,1932.75
1146,2015-09-11,15:26:00,1932.250000,1932.25
1147,2015-09-11,15:27:00,1932.500000,1932.50
1148,2015-09-11,15:28:00,1932.750000,1932.75
1149,2015-09-11,15:29:00,1933.500000,1933.50
1150,2015-09-11,15:30:00,1933.500000,1933.50
1151,2015-09-11,15:31:00,1932.500000,1932.50
1152,2015-09-11,15:32:00,1933.500000,1933.50
1153,2015-09-11,15:33:00,1934.000000,1934.00
1154,2015-09-11,15:34:00,1934.750000,1934.75
1155,2015-09-11,15:35:00,1931.500000,1931.50
1156,2015-09-11,15:36:00,1933.750000,1933.75
1157,2015-09-11,15:37:00,1936.000000,1936.00
1158,2015-09-11,15:38:00,1936.250000,1936.25
1159,2015-09-11,15:39:00,1935.000000,1935.00
1160,2015-09-11,15:40:00,1934.750000,1934.75
1161,2015-09-11,15:41:00,1936.250000,1936.25
1162,2015-09-11,15:42:00,1936.750000,1936.75
1163,2015-09-11,15:43:00,1936.000000,1936.00
1164,2015-09-11,15:44:00,1934.750000,1934.75
1165,2015-09-11,15:45:00,1936.000000,1936.00
1166,2015-09-11,15:46:00,1934.500000,1934.50
1167,2015-09-11,15:47:00,1934.000000,1934.00
1168,2015-09-11,15:48:00,1934.500000,1934.50
1169,2015-09-11,15:49:00,1933.250000,1933.25
1170,2015-09-11,15:50:00,1932.750000,1932.75
1171,2015-09-11,15:51:00,1932.000000,1932.00
1172,2015-09-11,15:52:00,1933.500000,1933.50
1173,2015-09-11,15:53:00,1932.750000,1932.75
1174,2015-09-11,15:54:00,1933.500000,1933.50
1175,2015-09-11,15:55:00,1933.750000,1933.75
1176,2015-09-11,15:56:00,1933.500000,1933.50
1177,2015-09-11,15:57:00,1933.250000,1933.25
1178,2015-09-11,15:58:00,1931.750000,1931.75
1179,2015-09-11,15:59:00,1930.500000,1930.50
1180,2015-09-11,16:00:00,1929.250000,1929.25
1181,2015-09-11,16:01:00,1928.750000,1928.75
1182,2015-09-11,16:02:00,1929.000000,1929.00
1183,2015-09-11,16:03:00,1930.000000,1930.00
1184,2015-09-11,16:04:00,1930.000000,1930.00
1185,2015-09-11,16:05:00,1928.750000,1928.75
1186,2015-09-11,16:06:00,1929.750000,1929.75
1187,2015-09-11,16:07:00,1928.750000,1928.75
1188,2015-09-11,16:08:00,1929.000000,1929.00
1189,2015-09-11,16:09:00,1930.500000,1930.50
1190,2015-09-11,16:10:00,1930.500000,1930.50
1191,2015-09-11,16:11:00,1930.500000,1930.50
1192,2015-09-11,16:12:00,1930.500000,1930.50
1193,2015-09-11,16:13:00,1931.500000,1931.50
1194,2015-09-11,16:14:00,1930.500000,1930.50
1195,2015-09-11,16:15:00,1930.750000,1930.75
1196,2015-09-11,16:16:00,1930.500000,1930.50
1197,2015-09-11,16:17:00,1931.250000,1931.25
1198,2015-09-11,16:18:00,1932.250000,1932.25
1199,2015-09-11,16:19:00,1932.500000,1932.50
1200,2015-09-11,16:20:00,1933.500000,1933.50
1201,2015-09-11,16:21:00,1934.250000,1934.25
1202,2015-09-11,16:22:00,1933.500000,1933.50
1203,2015-09-11,16:23:00,1933.500000,1933.50
1204,2015-09-11,16:24:00,1934.250000,1934.25
1205,2015-09-11,16:25:00,1933.750000,1933.75
1206,2015-09-11,16:26:00,1933.750000,1933.75
1207,2015-09-11,16:27:00,1934.500000,1934.50
1208,2015-09-11,16:28:00,1934.500000,1934.50
1209,2015-09-11,16:29:00,1933.500000,1933.50
1210,2015-09-11,16:30:00,1932.250000,1932.25
1211,2015-09-11,16:31:00,1932.250000,1932.25
1212,2015-09-11,16:32:00,1932.750000,1932.75
1213,2015-09-11,16:33:00,1932.500000,1932.50
1214,2015-09-11,16:34:00,1932.500000,1932.50
1215,2015-09-11,16:35:00,1932.250000,1932.25
1216,2015-09-11,16:36:00,1931.000000,1931.00
1217,2015-09-11,16:37:00,1930.750000,1930.75
1218,2015-09-11,16:38:00,1931.000000,1931.00
1219,2015-09-11,16:39:00,1931.500000,1931.50
1220,2015-09-11,16:40:00,1933.500000,1933.50
1221,2015-09-11,16:41:00,1933.250000,1933.25
1222,2015-09-11,16:42:00,1932.750000,1932.75
1223,2015-09-11,16:43:00,1934.250000,1934.25
1224,2015-09-11,16:44:00,1934.000000,1934.00
1225,2015-09-11,16:45:00,1934.500000,1934.50
1226,2015-09-11,16:46:00,1934.250000,1934.25
1227,2015-09-11,16:47:00,1932.750000,1932.75
1228,2015-09-11,16:48:00,1933.500000,1933.50
1229,2015-09-11,16:49:00,1933.500000,1933.50
1230,2015-09-11,16:50:00,1932.750000,1932.75
1231,2015-09-11,16:51:00,1932.250000,1932.25
1232,2015-09-11,16:52:00,1931.750000,1931.75
1233,2015-09-11,16:53:00,1932.000000,1932.00
1234,2015-09-11,16:54:00,1931.250000,1931.25
1235,2015-09-11,16:55:00,1930.000000,1930.00
1236,2015-09-11,16:56:00,1929.250000,1929.25
1237,2015-09-11,16:57:00,1930.000000,1930.00
1238,2015-09-11,16:58:00,1930.000000,1930.00
1239,2015-09-11,16:59:00,1930.500000,1930.50
1240,2015-09-11,17:00:00,1930.500000,1930.50
1241,2015-09-11,17:01:00,1930.000000,1930.00
1242,2015-09-11,17:02:00,1931.750000,1931.75
1243,2015-09-11,17:03:00,1930.500000,1930.50
1244,2015-09-11,17:04:00,1930.750000,1930.75
1245,2015-09-11,17:05:00,1931.250000,1931.25
1246,2015-09-11,17:06:00,1931.250000,1931.25
1247,2015-09-11,17:07:00,1932.750000,1932.75
1248,2015-09-11,17:08:00,1933.000000,1933.00
1249,2015-09-11,17:09:00,1932.500000,1932.50
1250,2015-09-11,17:10:00,1932.500000,1932.50
1251,2015-09-11,17:11:00,1931.750000,1931.75
1252,2015-09-11,17:12:00,1931.500000,1931.50
1253,2015-09-11,17:13:00,1931.500000,1931.50
1254,2015-09-11,17:14:00,1931.750000,1931.75
1255,2015-09-11,17:15:00,1931.000000,1931.00
1256,2015-09-11,17:16:00,1930.500000,1930.50
1257,2015-09-11,17:17:00,1931.000000,1931.00
1258,2015-09-11,17:18:00,1930.000000,1930.00
1259,2015-09-11,17:19:00,1931.000000,1931.00
1260,2015-09-11,17:20:00,1932.000000,1932.00
1261,2015-09-11,17:21:00,1932.000000,1932.00
1262,2015-09-11,17:22:00,1931.500000,1931.50
1263,2015-09-11,17:23:00,1930.500000,1930.50
1264,2015-09-11,17:24:00,1931.750000,1931.75
1265,2015-09-11,17:25:00,1932.000000,1932.00
1266,2015-09-11,17:26:00,1932.000000,1932.00
1267,2015-09-11,17:27:00,1933.500000,1933.50
1268,2015-09-11,17:28:00,1933.000000,1933.00
1269,2015-09-11,17:29:00,1933.750000,1933.75
1270,2015-09-11,17:30:00,1935.250000,1935.25
1271,2015-09-11,17:31:00,1933.500000,1933.50
1272,2015-09-11,17:32:00,1934.250000,1934.25
1273,2015-09-11,17:33:00,1933.250000,1933.25
1274,2015-09-11,17:34:00,1933.000000,1933.00
1275,2015-09-11,17:35:00,1932.500000,1932.50
1276,2015-09-11,17:36:00,1933.750000,1933.75
1277,2015-09-11,17:37:00,1933.500000,1933.50
1278,2015-09-11,17:38:00,1933.750000,1933.75
1279,2015-09-11,17:39:00,1934.500000,1934.50
1280,2015-09-11,17:40:00,1936.750000,1936.75
1281,2015-09-11,17:41:00,1936.250000,1936.25
1282,2015-09-11,17:42:00,1935.750000,1935.75
1283,2015-09-11,17:43:00,1936.000000,1936.00
1284,2015-09-11,17:44:00,1936.000000,1936.00
1285,2015-09-11,17:45:00,1936.500000,1936.50
1286,2015-09-11,17:46:00,1935.500000,1935.50
1287,2015-09-11,17:47:00,1935.000000,1935.00
1288,2015-09-11,17:48:00,1935.250000,1935.25
1289,2015-09-11,17:49:00,1936.000000,1936.00
1290,2015-09-11,17:50:00,1935.500000,1935.50
1291,2015-09-11,17:51:00,1936.500000,1936.50
1292,2015-09-11,17:52:00,1939.000000,1939.00
1293,2015-09-11,17:53:00,1939.500000,1939.50
1294,2015-09-11,17:54:00,1938.750000,1938.75
1295,2015-09-11,17:55:00,1939.750000,1939.75
1296,2015-09-11,17:56:00,1939.750000,1939.75
1297,2015-09-11,17:57:00,1938.750000,1938.75
1298,2015-09-11,17:58:00,1939.250000,1939.25
1299,2015-09-11,17:59:00,1939.000000,1939.00
1300,2015-09-11,18:00:00,1939.250000,1939.25
1301,2015-09-11,18:01:00,1939.500000,1939.50
1302,2015-09-11,18:02:00,1938.500000,1938.50
1303,2015-09-11,18:03:00,1939.750000,1939.75
1304,2015-09-11,18:04:00,1942.000000,1942.00
1305,2015-09-11,18:05:00,1943.250000,1943.25
1306,2015-09-11,18:06:00,1943.500000,1943.50
1307,2015-09-11,18:07:00,1942.750000,1942.75
1308,2015-09-11,18:08:00,1942.250000,1942.25
1309,2015-09-11,18:09:00,1942.000000,1942.00
1310,2015-09-11,18:10:00,1942.250000,1942.25
1311,2015-09-11,18:11:00,1943.000000,1943.00
1312,2015-09-11,18:12:00,1944.250000,1944.25
1313,2015-09-11,18:13:00,1943.250000,1943.25
1314,2015-09-11,18:14:00,1944.250000,1944.25
1315,2015-09-11,18:15:00,1944.250000,1944.25
1316,2015-09-11,18:16:00,1943.750000,1943.75
1317,2015-09-11,18:17:00,1942.750000,1942.75
1318,2015-09-11,18:18:00,1943.000000,1943.00
1319,2015-09-11,18:19:00,1942.500000,1942.50
1320,2015-09-11,18:20:00,1943.000000,1943.00
1321,2015-09-11,18:21:00,1942.250000,1942.25
1322,2015-09-11,18:22:00,1942.500000,1942.50
1323,2015-09-11,18:23:00,1941.250000,1941.25
1324,2015-09-11,18:24:00,1941.750000,1941.75
1325,2015-09-11,18:25:00,1942.250000,1942.25
1326,2015-09-11,18:26:00,1942.500000,1942.50
1327,2015-09-11,18:27:00,1941.750000,1941.75
1328,2015-09-11,18:28:00,1942.500000,1942.50
1329,2015-09-11,18:29:00,1942.500000,1942.50
1330,2015-09-11,18:30:00,1943.500000,1943.50
1331,2015-09-11,18:31:00,1943.500000,1943.50
1332,2015-09-11,18:32:00,1942.750000,1942.75
1333,2015-09-11,18:33:00,1943.000000,1943.00
1334,2015-09-11,18:34:00,1943.000000,1943.00
1335,2015-09-11,18:35:00,1943.000000,1943.00
1336,2015-09-11,18:36:00,1942.750000,1942.75
1337,2015-09-11,18:37:00,1942.000000,1942.00
1338,2015-09-11,18:38:00,1942.000000,1942.00
1339,2015-09-11,18:39:00,1941.250000,1941.25
1340,2015-09-11,18:40:00,1941.250000,1941.25
1341,2015-09-11,18:41:00,1941.500000,1941.50
1342,2015-09-11,18:42:00,1941.000000,1941.00
1343,2015-09-11,18:43:00,1941.000000,1941.00
1344,2015-09-11,18:44:00,1941.000000,1941.00
1345,2015-09-11,18:45:00,1942.500000,1942.50
1346,2015-09-11,18:46:00,1942.500000,1942.50
1347,2015-09-11,18:47:00,1942.750000,1942.75
1348,2015-09-11,18:48:00,1943.750000,1943.75
1349,2015-09-11,18:49:00,1944.500000,1944.50
1350,2015-09-11,18:50:00,1944.750000,1944.75
1351,2015-09-11,18:51:00,1945.250000,1945.25
1352,2015-09-11,18:52:00,1945.500000,1945.50
1353,2015-09-11,18:53:00,1945.250000,1945.25
1354,2015-09-11,18:54:00,1944.500000,1944.50
1355,2015-09-11,18:55:00,1944.250000,1944.25
1356,2015-09-11,18:56:00,1944.000000,1944.00
1357,2015-09-11,18:57:00,1943.750000,1943.75
1358,2015-09-11,18:58:00,1943.250000,1943.25
1359,2015-09-11,18:59:00,1943.500000,1943.50
1360,2015-09-11,19:00:00,1944.000000,1944.00
1361,2015-09-11,19:01:00,1943.750000,1943.75
1362,2015-09-11,19:02:00,1943.750000,1943.75
1363,2015-09-11,19:03:00,1943.250000,1943.25
1364,2015-09-11,19:04:00,1943.500000,1943.50
1365,2015-09-11,19:05:00,1943.250000,1943.25
1366,2015-09-11,19:06:00,1943.500000,1943.50
1367,2015-09-11,19:07:00,1942.500000,1942.50
1368,2015-09-11,19:08:00,1942.250000,1942.25
1369,2015-09-11,19:09:00,1941.750000,1941.75
1370,2015-09-11,19:10:00,1942.000000,1942.00
1371,2015-09-11,19:11:00,1942.500000,1942.50
1372,2015-09-11,19:12:00,1942.000000,1942.00
1373,2015-09-11,19:13:00,1941.750000,1941.75
1374,2015-09-11,19:14:00,1941.500000,1941.50
1375,2015-09-11,19:15:00,1941.250000,1941.25
1376,2015-09-11,19:16:00,1941.250000,1941.25
1377,2015-09-11,19:17:00,1941.000000,1941.00
1378,2015-09-11,19:18:00,1941.250000,1941.25
1379,2015-09-11,19:19:00,1940.750000,1940.75
1380,2015-09-11,19:20:00,1940.000000,1940.00
1381,2015-09-11,19:21:00,1939.750000,1939.75
1382,2015-09-11,19:22:00,1939.000000,1939.00
1383,2015-09-11,19:23:00,1939.000000,1939.00
1384,2015-09-11,19:24:00,1938.750000,1938.75
1385,2015-09-11,19:25:00,1937.750000,1937.75
1386,2015-09-11,19:26:00,1938.750000,1938.75
1387,2015-09-11,19:27:00,1938.750000,1938.75
1388,2015-09-11,19:28:00,1937.750000,1937.75
1389,2015-09-11,19:29:00,1937.750000,1937.75
1390,2015-09-11,19:30:00,1937.500000,1937.50
1391,2015-09-11,19:31:00,1938.250000,1938.25
1392,2015-09-11,19:32:00,1938.250000,1938.25
1393,2015-09-11,19:33:00,1936.500000,1936.50
1394,2015-09-11,19:34:00,1936.750000,1936.75
1395,2015-09-11,19:35:00,1936.250000,1936.25
1396,2015-09-11,19:36:00,1936.000000,1936.00
1397,2015-09-11,19:37:00,1936.000000,1936.00
1398,2015-09-11,19:38:00,1936.750000,1936.75
1399,2015-09-11,19:39:00,1936.250000,1936.25
1400,2015-09-11,19:40:00,1937.500000,1937.50
1401,2015-09-11,19:41:00,1937.000000,1937.00
1402,2015-09-11,19:42:00,1937.500000,1937.50
1403,2015-09-11,19:43:00,1937.500000,1937.50
1404,2015-09-11,19:44:00,1938.500000,1938.50
1405,2015-09-11,19:45:00,1939.000000,1939.00
1406,2015-09-11,19:46:00,1937.500000,1937.50
1407,2015-09-11,19:47:00,1937.750000,1937.75
1408,2015-09-11,19:48:00,1938.000000,1938.00
1409,2015-09-11,19:49:00,1937.750000,1937.75
1410,2015-09-11,19:50:00,1937.500000,1937.50
1411,2015-09-11,19:51:00,1937.750000,1937.75
1412,2015-09-11,19:52:00,1938.000000,1938.00
1413,2015-09-11,19:53:00,1937.750000,1937.75
1414,2015-09-11,19:54:00,1938.250000,1938.25
1415,2015-09-11,19:55:00,1939.500000,1939.50
1416,2015-09-11,19:56:00,1939.000000,1939.00
1417,2015-09-11,19:57:00,1939.000000,1939.00
1418,2015-09-11,19:58:00,1939.250000,1939.25
1419,2015-09-11,19:59:00,1939.000000,1939.00
1420,2015-09-11,20:00:00,1938.500000,1938.50
1421,2015-09-11,20:01:00,1938.500000,1938.50
1422,2015-09-11,20:02:00,1938.000000,1938.00
1423,2015-09-11,20:03:00,1936.750000,1936.75
1424,2015-09-11,20:04:00,1937.000000,1937.00
1425,2015-09-11,20:05:00,1937.000000,1937.00
1426,2015-09-11,20:06:00,1936.500000,1936.50
1427,2015-09-11,20:07:00,1936.250000,1936.25
1428,2015-09-11,20:08:00,1936.500000,1936.50
1429,2015-09-11,20:09:00,1938.000000,1938.00
1430,2015-09-11,20:10:00,1937.750000,1937.75
1431,2015-09-11,20:11:00,1938.750000,1938.75
1432,2015-09-11,20:12:00,1938.500000,1938.50
1433,2015-09-11,20:13:00,1938.500000,1938.50
1434,2015-09-11,20:14:00,1937.750000,1937.75
1435,2015-09-11,20:15:00,1937.750000,1937.75
1436,2015-09-11,20:16:00,1938.250000,1938.25
1437,2015-09-11,20:17:00,1939.250000,1939.25
1438,2015-09-11,20:18:00,1939.250000,1939.25
1439,2015-09-11,20:19:00,1938.750000,1938.75
1440,2015-09-11,20:20:00,1939.500000,1939.50
1441,2015-09-11,20:21:00,1941.250000,1941.25
1442,2015-09-11,20:22:00,1941.750000,1941.75
1443,2015-09-11,20:23:00,1941.500000,1941.50
1444,2015-09-11,20:24:00,1941.750000,1941.75
1445,2015-09-11,20:25:00,1941.500000,1941.50
1446,2015-09-11,20:26:00,1941.500000,1941.50
1447,2015-09-11,20:27:00,1940.750000,1940.75
1448,2015-09-11,20:28:00,1940.500000,1940.50
1449,2015-09-11,20:29:00,1940.250000,1940.25
1450,2015-09-11,20:30:00,1941.500000,1941.50
1451,2015-09-11,20:31:00,1943.500000,1943.50
1452,2015-09-11,20:32:00,1943.250000,1943.25
1453,2015-09-11,20:33:00,1943.000000,1943.00
1454,2015-09-11,20:34:00,1942.500000,1942.50
1455,2015-09-11,20:35:00,1942.750000,1942.75
1456,2015-09-11,20:36:00,1943.000000,1943.00
1457,2015-09-11,20:37:00,1943.250000,1943.25
1458,2015-09-11,20:38:00,1945.000000,1945.00
1459,2015-09-11,20:39:00,1944.500000,1944.50
1460,2015-09-11,20:40:00,1943.750000,1943.75
1461,2015-09-11,20:41:00,1943.250000,1943.25
1462,2015-09-11,20:42:00,1943.500000,1943.50
1463,2015-09-11,20:43:00,1943.500000,1943.50
1464,2015-09-11,20:44:00,1943.000000,1943.00
1465,2015-09-11,20:45:00,1943.250000,1943.25
1466,2015-09-11,20:46:00,1944.000000,1944.00
1467,2015-09-11,20:47:00,1943.250000,1943.25
1468,2015-09-11,20:48:00,1943.000000,1943.00
1469,2015-09-11,20:49:00,1942.750000,1942.75
1470,2015-09-11,20:50:00,1943.250000,1943.25
1471,2015-09-11,20:51:00,1942.500000,1942.50
1472,2015-09-11,20:52:00,1942.250000,1942.25
1473,2015-09-11,20:53:00,1941.250000,1941.25
1474,2015-09-11,20:54:00,1942.000000,1942.00
1475,2015-09-11,20:55:00,1942.500000,1942.50
1476,2015-09-11,20:56:00,1942.500000,1942.50
1477,2015-09-11,20:57:00,1943.000000,1943.00
1478,2015-09-11,20:58:00,1943.000000,1943.00
1479,2015-09-11,20:59:00,1942.500000,1942.50
1480,2015-09-11,21:00:00,1943.500000,1943.50
1481,2015-09-11,21:01:00,1943.250000,1943.25
1482,2015-09-11,21:02:00,1943.500000,1943.50
1483,2015-09-11,21:03:00,1944.750000,1944.75
1484,2015-09-11,21:04:00,1943.750000,1943.75
1485,2015-09-11,21:05:00,1944.000000,1944.00
1486,2015-09-11,21:06:00,1944.250000,1944.25
1487,2015-09-11,21:07:00,1946.000000,1946.00
1488,2015-09-11,21:08:00,1945.750000,1945.75
1489,2015-09-11,21:09:00,1945.250000,1945.25
1490,2015-09-11,21:10:00,1944.750000,1944.75
1491,2015-09-11,21:11:00,1944.500000,1944.50
1492,2015-09-11,21:12:00,1944.750000,1944.75
1493,2015-09-11,21:13:00,1946.000000,1946.00
1494,2015-09-11,21:14:00,1945.750000,1945.75
1495,2015-09-11,21:15:00,1946.250000,1946.25
1496,2015-09-11,21:16:00,1947.000000,1947.00
1497,2015-09-11,21:17:00,1947.250000,1947.25
1498,2015-09-11,21:18:00,1946.500000,1946.50
1499,2015-09-11,21:19:00,1946.500000,1946.50
1500,2015-09-11,21:20:00,1945.250000,1945.25
1501,2015-09-11,21:21:00,1945.750000,1945.75
1502,2015-09-11,21:22:00,1945.250000,1945.25
1503,2015-09-11,21:23:00,1944.000000,1944.00
1504,2015-09-11,21:24:00,1944.250000,1944.25
1505,2015-09-11,21:25:00,1943.750000,1943.75
1506,2015-09-11,21:26:00,1944.500000,1944.50
1507,2015-09-11,21:27:00,1944.250000,1944.25
1508,2015-09-11,21:28:00,1945.250000,1945.25
1509,2015-09-11,21:29:00,1944.750000,1944.75
1510,2015-09-11,21:30:00,1944.250000,1944.25
1511,2015-09-11,21:31:00,1943.000000,1943.00
1512,2015-09-11,21:32:00,1944.250000,1944.25
1513,2015-09-11,21:33:00,1944.250000,1944.25
1514,2015-09-11,21:34:00,1943.250000,1943.25
1515,2015-09-11,21:35:00,1943.500000,1943.50
1516,2015-09-11,21:36:00,1944.500000,1944.50
1517,2015-09-11,21:37:00,1944.500000,1944.50
1518,2015-09-11,21:38:00,1943.750000,1943.75
1519,2015-09-11,21:39:00,1945.250000,1945.25
1520,2015-09-11,21:40:00,1945.500000,1945.50
1521,2015-09-11,21:41:00,1944.250000,1944.25
1522,2015-09-11,21:42:00,1944.500000,1944.50
1523,2015-09-11,21:43:00,1944.250000,1944.25
1524,2015-09-11,21:44:00,1943.750000,1943.75
1525,2015-09-11,21:45:00,1945.250000,1945.25
1526,2015-09-11,21:46:00,1944.500000,1944.50
1527,2015-09-11,21:47:00,1945.250000,1945.25
1528,2015-09-11,21:48:00,1944.000000,1944.00
1529,2015-09-11,21:49:00,1944.000000,1944.00
1530,2015-09-11,21:50:00,1945.000000,1945.00
1531,2015-09-11,21:51:00,1945.000000,1945.00
1532,2015-09-11,21:52:00,1946.250000,1946.25
1533,2015-09-11,21:53:00,1945.250000,1945.25
1534,2015-09-11,21:54:00,1945.250000,1945.25
1535,2015-09-11,21:55:00,1945.500000,1945.50
1536,2015-09-11,21:56:00,1946.500000,1946.50
1537,2015-09-11,21:57:00,1947.500000,1947.50
1538,2015-09-11,21:58:00,1947.750000,1947.75
1539,2015-09-11,21:59:00,1948.500000,1948.50
1540,2015-09-11,22:00:00,1950.750000,1950.75
1541,2015-09-11,22:01:00,1950.750000,1950.75
1542,2015-09-11,22:02:00,1951.000000,1951.00
1543,2015-09-11,22:03:00,1950.750000,1950.75
1544,2015-09-11,22:04:00,1951.000000,1951.00
1545,2015-09-11,22:05:00,1950.500000,1950.50
1546,2015-09-11,22:06:00,1950.250000,1950.25
1547,2015-09-11,22:07:00,1950.750000,1950.75
1548,2015-09-11,22:08:00,1951.000000,1951.00
1549,2015-09-11,22:09:00,1950.500000,1950.50
1550,2015-09-11,22:10:00,1950.250000,1950.25
1551,2015-09-11,22:11:00,1950.000000,1950.00
1552,2015-09-11,22:12:00,1951.000000,1951.00
1553,2015-09-11,22:13:00,1951.000000,1951.00
1554,2015-09-11,22:14:00,1950.500000,1950.50
1555,2015-09-11,22:30:00,1950.500000,1950.50
1556,2015-09-11,22:31:00,1950.250000,1950.25
1557,2015-09-11,22:32:00,1950.250000,1950.25
1558,2015-09-11,22:33:00,1951.250000,1951.25
1559,2015-09-11,22:34:00,1951.000000,1951.00
1560,2015-09-11,22:35:00,1950.500000,1950.50
1561,2015-09-11,22:36:00,1950.750000,1950.75
1562,2015-09-11,22:37:00,1950.500000,1950.50
1563,2015-09-11,22:38:00,1950.750000,1950.75
1564,2015-09-11,22:39:00,1950.750000,1950.75
1565,2015-09-11,22:40:00,1950.500000,1950.50
1566,2015-09-11,22:41:00,1950.750000,1950.75
1567,2015-09-11,22:42:00,1951.000000,1951.00
1568,2015-09-11,22:43:00,1950.750000,1950.75
1569,2015-09-11,22:44:00,1950.750000,1950.75
1570,2015-09-11,22:45:00,1950.750000,1950.75
1571,2015-09-11,22:46:00,1950.750000,1950.75
1572,2015-09-11,22:47:00,1950.500000,1950.50
1573,2015-09-11,22:48:00,1950.500000,1950.50
1574,2015-09-11,22:49:00,1950.250000,1950.25
1575,2015-09-11,22:50:00,1950.500000,1950.50
1576,2015-09-11,22:51:00,1950.250000,1950.25
1577,2015-09-11,22:52:00,1950.250000,1950.25
1578,2015-09-11,22:53:00,1951.000000,1951.00
1579,2015-09-11,22:54:00,1951.000000,1951.00
1580,2015-09-11,22:55:00,1952.250000,1952.25
1581,2015-09-11,22:56:00,1952.000000,1952.00
1582,2015-09-11,22:57:00,1952.250000,1952.25
1583,2015-09-11,22:58:00,1952.000000,1952.00
1584,2015-09-11,22:59:00,1951.750000,1951.75
1585,2015-09-11,23:00:00,1951.500000,1951.50
1586,2015-09-11,23:01:00,1951.750000,1951.75
1587,2015-09-11,23:02:00,1951.750000,1951.75
1588,2015-09-11,23:03:00,1951.750000,1951.75
1589,2015-09-11,23:04:00,1952.000000,1952.00
1590,2015-09-11,23:05:00,1952.000000,1952.00
1591,2015-09-11,23:06:00,1951.000000,1951.00
1592,2015-09-11,23:07:00,1951.250000,1951.25
1593,2015-09-11,23:08:00,1951.500000,1951.50
1594,2015-09-11,23:09:00,1951.250000,1951.25
1595,2015-09-11,23:10:00,1951.500000,1951.50
1596,2015-09-11,23:11:00,1951.500000,1951.50
1597,2015-09-11,23:12:00,1951.500000,1951.50
1598,2015-09-11,23:13:00,1951.750000,1951.75
1599,2015-09-11,23:14:00,1952.250000,1952.25
