날짜,전체거래의 이익,전체거래의 이익 누적,매수거래의 이익,매수거래의 이익 누적,매도거래의 이익,매도거래의 이익누적,전체거래의 거래횟수,매수거래의 거래횟수,매도거래의 거래횟수,가격
2014-01-06,0.00000,0.00000,0.00000,0.00000,0.00000,0.00000,0.00,0.00,0.00,93.600000
2014-01-07,0.00000,0.00000,0.00000,0.00000,0.00000,0.00000,0.00,0.00,0.00,93.950000
2014-01-08,0.00000,0.00000,0.00000,0.00000,0.00000,0.00000,0.00,0.00,0.00,92.550000
2014-01-09,0.00000,0.00000,0.00000,0.00000,0.00000,0.00000,0.00,0.00,0.00,92.280000
2014-01-10,0.00000,0.00000,0.00000,0.00000,0.00000,0.00000,0.00,0.00,0.00,92.890000
2014-01-14,0.00000,0.00000,0.00000,0.00000,0.00000,0.00000,0.00,0.00,0.00,92.670000
2014-01-15,0.00000,0.00000,0.00000,0.00000,0.00000,0.00000,0.00,0.00,0.00,94.300000
2014-01-16,0.00000,0.00000,0.00000,0.00000,0.00000,0.00000,0.00,0.00,0.00,94.160000
2014-01-17,0.00000,0.00000,0.00000,0.00000,0.00000,0.00000,0.00,0.00,0.00,94.090000
2014-01-20,0.00000,0.00000,0.00000,0.00000,0.00000,0.00000,0.00,0.00,0.00,93.720000
2014-01-21,0.00000,0.00000,0.00000,0.00000,0.00000,0.00000,0.00,0.00,0.00,94.990000
2014-01-22,0.00000,0.00000,0.00000,0.00000,0.00000,0.00000,0.00,0.00,0.00,96.740000
2014-01-23,0.00000,0.00000,0.00000,0.00000,0.00000,0.00000,0.00,0.00,0.00,97.350000
2014-01-24,0.00000,0.00000,0.00000,0.00000,0.00000,0.00000,0.00,0.00,0.00,96.900000
2014-01-27,0.00000,0.00000,0.00000,0.00000,0.00000,0.00000,0.00,0.00,0.00,95.630000
2014-01-28,0.00000,0.00000,0.00000,0.00000,0.00000,0.00000,0.00,0.00,0.00,97.170000
2014-01-29,0.00000,0.00000,0.00000,0.00000,0.00000,0.00000,0.00,0.00,0.00,97.470000
2014-01-30,0.00000,0.00000,0.00000,0.00000,0.00000,0.00000,0.00,0.00,0.00,98.070000
2014-01-31,0.00000,0.00000,0.00000,0.00000,0.00000,0.00000,0.00,0.00,0.00,97.410000
2014-02-03,0.00000,0.00000,0.00000,0.00000,0.00000,0.00000,0.00,0.00,0.00,96.670000
2014-02-04,0.00000,0.00000,0.00000,0.00000,0.00000,0.00000,0.00,0.00,0.00,97.760000
2014-02-05,0.00000,0.00000,0.00000,0.00000,0.00000,0.00000,0.00,0.00,0.00,97.320000
2014-02-06,0.00000,0.00000,0.00000,0.00000,0.00000,0.00000,0.00,0.00,0.00,97.910000
2014-02-07,0.00000,0.00000,0.00000,0.00000,0.00000,0.00000,0.00,0.00,0.00,100.140000
2014-02-10,0.00000,0.00000,0.00000,0.00000,0.00000,0.00000,0.00,0.00,0.00,100.000000
2014-02-12,0.00000,0.00000,0.00000,0.00000,0.00000,0.00000,0.00,0.00,0.00,100.310000
2014-02-13,0.00000,0.00000,0.00000,0.00000,0.00000,0.00000,0.00,0.00,0.00,100.350000
2014-02-14,0.00000,0.00000,0.00000,0.00000,0.00000,0.00000,0.00,0.00,0.00,100.400000
2014-02-17,0.00000,0.00000,0.00000,0.00000,0.00000,0.00000,0.00,0.00,0.00,100.920000
2014-02-18,0.00000,0.00000,0.00000,0.00000,0.00000,0.00000,0.00,0.00,0.00,102.660000
2014-02-19,0.00000,0.00000,0.00000,0.00000,0.00000,0.00000,0.00,0.00,0.00,103.370000
2014-02-20,0.00000,0.00000,0.00000,0.00000,0.00000,0.00000,0.00,0.00,0.00,102.920000
2014-02-21,0.00000,0.00000,0.00000,0.00000,0.00000,0.00000,0.00,0.00,0.00,102.300000
2014-02-24,0.00000,0.00000,0.00000,0.00000,0.00000,0.00000,0.00,0.00,0.00,102.250000
2014-02-25,0.00000,0.00000,0.00000,0.00000,0.00000,0.00000,0.00,0.00,0.00,102.020000
2014-02-26,0.00000,0.00000,0.00000,0.00000,0.00000,0.00000,0.00,0.00,0.00,102.520000
2014-02-27,0.00000,0.00000,0.00000,0.00000,0.00000,0.00000,0.00,0.00,0.00,102.140000
2014-02-28,0.00000,0.00000,0.00000,0.00000,0.00000,0.00000,0.00,0.00,0.00,102.760000
2014-03-03,0.00000,0.00000,0.00000,0.00000,0.00000,0.00000,0.00,0.00,0.00,104.870000
2014-03-04,0.00000,0.00000,0.00000,0.00000,0.00000,0.00000,0.00,0.00,0.00,103.370000
2014-03-05,0.00000,0.00000,0.00000,0.00000,0.00000,0.00000,0.00,0.00,0.00,100.890000
2014-03-06,0.00000,0.00000,0.00000,0.00000,0.00000,0.00000,0.00,0.00,0.00,101.900000
2014-03-07,0.00000,0.00000,0.00000,0.00000,0.00000,0.00000,0.00,0.00,0.00,102.690000
2014-03-10,0.00000,0.00000,0.00000,0.00000,0.00000,0.00000,0.00,0.00,0.00,100.940000
2014-03-11,0.00000,0.00000,0.00000,0.00000,0.00000,0.00000,0.00,0.00,0.00,99.520000
2014-03-12,0.00000,0.00000,0.00000,0.00000,0.00000,0.00000,0.00,0.00,0.00,98.070000
2014-03-13,0.00000,0.00000,0.00000,0.00000,0.00000,0.00000,0.00,0.00,0.00,98.240000
2014-03-14,0.00000,0.00000,0.00000,0.00000,0.00000,0.00000,0.00,0.00,0.00,99.000000
2014-03-17,0.00000,0.00000,0.00000,0.00000,0.00000,0.00000,0.00,0.00,0.00,97.990000
2014-03-18,0.00000,0.00000,0.00000,0.00000,0.00000,0.00000,0.00,0.00,0.00,99.560000
2014-03-19,0.00000,0.00000,0.00000,0.00000,0.00000,0.00000,0.00,0.00,0.00,100.420000
2014-03-20,0.00000,0.00000,0.00000,0.00000,0.00000,0.00000,0.00,0.00,0.00,99.430000
2014-03-24,0.00000,0.00000,0.00000,0.00000,0.00000,0.00000,0.00,0.00,0.00,99.410000
2014-03-25,0.00000,0.00000,0.00000,0.00000,0.00000,0.00000,0.00,0.00,0.00,99.210000
2014-03-26,0.00000,0.00000,0.00000,0.00000,0.00000,0.00000,0.00,0.00,0.00,100.290000
2014-03-27,0.00000,0.00000,0.00000,0.00000,0.00000,0.00000,0.00,0.00,0.00,101.320000
2014-03-28,0.00000,0.00000,0.00000,0.00000,0.00000,0.00000,0.00,0.00,0.00,101.670000
2014-03-31,0.00000,0.00000,0.00000,0.00000,0.00000,0.00000,0.00,0.00,0.00,101.560000
2014-04-01,0.00000,0.00000,0.00000,0.00000,0.00000,0.00000,0.00,0.00,0.00,99.690000
2014-04-02,0.00000,0.00000,0.00000,0.00000,0.00000,0.00000,0.00,0.00,0.00,99.420000
2014-04-03,0.00000,0.00000,0.00000,0.00000,0.00000,0.00000,0.00,0.00,0.00,100.430000
2014-04-04,0.00000,0.00000,0.00000,0.00000,0.00000,0.00000,0.00,0.00,0.00,101.060000
2014-04-07,0.00000,0.00000,0.00000,0.00000,0.00000,0.00000,0.00,0.00,0.00,100.730000
2014-04-08,0.00000,0.00000,0.00000,0.00000,0.00000,0.00000,0.00,0.00,0.00,102.360000
2014-04-09,0.00000,0.00000,0.00000,0.00000,0.00000,0.00000,0.00,0.00,0.00,103.450000
2014-04-10,0.00000,0.00000,0.00000,0.00000,0.00000,0.00000,0.00,0.00,0.00,103.400000
2014-04-11,0.00000,0.00000,0.00000,0.00000,0.00000,0.00000,0.00,0.00,0.00,103.330000
2014-04-14,0.00000,0.00000,0.00000,0.00000,0.00000,0.00000,0.00,0.00,0.00,103.630000
2014-04-15,0.00000,0.00000,0.00000,0.00000,0.00000,0.00000,0.00,0.00,0.00,103.840000
2014-04-16,0.00000,0.00000,0.00000,0.00000,0.00000,0.00000,0.00,0.00,0.00,103.800000
2014-04-17,0.00000,0.00000,0.00000,0.00000,0.00000,0.00000,0.00,0.00,0.00,104.590000
2014-04-21,0.00000,0.00000,0.00000,0.00000,0.00000,0.00000,0.00,0.00,0.00,104.350000
2014-04-22,0.00000,0.00000,0.00000,0.00000,0.00000,0.00000,0.00,0.00,0.00,102.130000
2014-04-23,0.00000,0.00000,0.00000,0.00000,0.00000,0.00000,0.00,0.00,0.00,101.550000
2014-04-24,0.00000,0.00000,0.00000,0.00000,0.00000,0.00000,0.00,0.00,0.00,101.810000
2014-04-25,0.00000,0.00000,0.00000,0.00000,0.00000,0.00000,0.00,0.00,0.00,100.690000
2014-04-28,0.00000,0.00000,0.00000,0.00000,0.00000,0.00000,0.00,0.00,0.00,100.870000
2014-04-30,0.00000,0.00000,0.00000,0.00000,0.00000,0.00000,0.00,0.00,0.00,99.690000
2014-05-01,0.00000,0.00000,0.00000,0.00000,0.00000,0.00000,0.00,0.00,0.00,99.210000
2014-05-02,0.00000,0.00000,0.00000,0.00000,0.00000,0.00000,0.00,0.00,0.00,99.990000
2014-05-05,0.00000,0.00000,0.00000,0.00000,0.00000,0.00000,0.00,0.00,0.00,99.380000
2014-05-06,0.00000,0.00000,0.00000,0.00000,0.00000,0.00000,0.00,0.00,0.00,99.860000
2014-05-07,0.00000,0.00000,0.00000,0.00000,0.00000,0.00000,0.00,0.00,0.00,100.850000
2014-05-08,0.00000,0.00000,0.00000,0.00000,0.00000,0.00000,0.00,0.00,0.00,100.270000
2014-05-09,0.00000,0.00000,0.00000,0.00000,0.00000,0.00000,0.00,0.00,0.00,100.030000
2014-05-12,0.00000,0.00000,0.00000,0.00000,0.00000,0.00000,0.00,0.00,0.00,100.620000
2014-05-13,0.00000,0.00000,0.00000,0.00000,0.00000,0.00000,0.00,0.00,0.00,101.060000
2014-05-14,0.00000,0.00000,0.00000,0.00000,0.00000,0.00000,0.00,0.00,0.00,102.070000
2014-05-15,0.00000,0.00000,0.00000,0.00000,0.00000,0.00000,0.00,0.00,0.00,101.560000
2014-05-16,0.00000,0.00000,0.00000,0.00000,0.00000,0.00000,0.00,0.00,0.00,102.180000
2014-05-19,0.00000,0.00000,0.00000,0.00000,0.00000,0.00000,0.00,0.00,0.00,102.960000
2014-05-20,0.00000,0.00000,0.00000,0.00000,0.00000,0.00000,0.00,0.00,0.00,102.440000
2014-05-21,0.00000,0.00000,0.00000,0.00000,0.00000,0.00000,0.00,0.00,0.00,103.850000
2014-05-22,0.00000,0.00000,0.00000,0.00000,0.00000,0.00000,0.00,0.00,0.00,103.760000
2014-05-23,0.00000,0.00000,0.00000,0.00000,0.00000,0.00000,0.00,0.00,0.00,104.390000
2014-05-26,0.00000,0.00000,0.00000,0.00000,0.00000,0.00000,0.00,0.00,0.00,104.180000
2014-05-27,0.00000,0.00000,0.00000,0.00000,0.00000,0.00000,0.00,0.00,0.00,104.160000
2014-05-28,0.00000,0.00000,0.00000,0.00000,0.00000,0.00000,0.00,0.00,0.00,103.080000
2014-05-29,0.00000,0.00000,0.00000,0.00000,0.00000,0.00000,0.00,0.00,0.00,103.510000
2014-05-30,0.00000,0.00000,0.00000,0.00000,0.00000,0.00000,0.00,0.00,0.00,102.930000
2014-06-02,0.00000,0.00000,0.00000,0.00000,0.00000,0.00000,0.00,0.00,0.00,102.450000
2014-06-03,0.00000,0.00000,0.00000,0.00000,0.00000,0.00000,0.00,0.00,0.00,102.840000
2014-06-04,0.00000,0.00000,0.00000,0.00000,0.00000,0.00000,0.00,0.00,0.00,102.390000
2014-06-05,0.00000,0.00000,0.00000,0.00000,0.00000,0.00000,0.00,0.00,0.00,102.460000
2014-06-06,0.00000,0.00000,0.00000,0.00000,0.00000,0.00000,0.00,0.00,0.00,9623.000000
2014-06-09,0.00000,0.00000,0.00000,0.00000,0.00000,0.00000,0.00,0.00,0.00,104.540000
2014-06-10,0.00000,0.00000,0.00000,0.00000,0.00000,0.00000,0.00,0.00,0.00,104.280000
2014-06-11,0.00000,0.00000,0.00000,0.00000,0.00000,0.00000,0.00,0.00,0.00,104.490000
2014-06-12,0.00000,0.00000,0.00000,0.00000,0.00000,0.00000,0.00,0.00,0.00,106.860000
2014-06-13,0.00000,0.00000,0.00000,0.00000,0.00000,0.00000,0.00,0.00,0.00,106.770000
2014-06-16,0.00000,0.00000,0.00000,0.00000,0.00000,0.00000,0.00,0.00,0.00,106.580000
2014-06-17,0.00000,0.00000,0.00000,0.00000,0.00000,0.00000,0.00,0.00,0.00,106.600000
2014-06-18,0.00000,0.00000,0.00000,0.00000,0.00000,0.00000,0.00,0.00,0.00,106.040000
2014-06-19,0.00000,0.00000,0.00000,0.00000,0.00000,0.00000,0.00,0.00,0.00,106.620000
2014-06-20,0.00000,0.00000,0.00000,0.00000,0.00000,0.00000,0.00,0.00,0.00,107.260000
2014-06-23,0.00000,0.00000,0.00000,0.00000,0.00000,0.00000,0.00,0.00,0.00,106.010000
2014-06-24,0.00000,0.00000,0.00000,0.00000,0.00000,0.00000,0.00,0.00,0.00,105.940000
2014-06-25,0.00000,0.00000,0.00000,0.00000,0.00000,0.00000,0.00,0.00,0.00,106.770000
2014-06-26,0.00000,0.00000,0.00000,0.00000,0.00000,0.00000,0.00,0.00,0.00,105.620000
2014-06-27,0.00000,0.00000,0.00000,0.00000,0.00000,0.00000,0.00,0.00,0.00,105.740000
2014-06-30,0.00000,0.00000,0.00000,0.00000,0.00000,0.00000,0.00,0.00,0.00,105.510000
2014-07-01,0.00000,0.00000,0.00000,0.00000,0.00000,0.00000,0.00,0.00,0.00,105.200000
2014-07-02,0.00000,0.00000,0.00000,0.00000,0.00000,0.00000,0.00,0.00,0.00,104.240000
2014-07-03,0.00000,0.00000,0.00000,0.00000,0.00000,0.00000,0.00,0.00,0.00,104.090000
2014-07-04,0.00000,0.00000,0.00000,0.00000,0.00000,0.00000,0.00,0.00,0.00,103.770000
2014-07-07,0.00000,0.00000,0.00000,0.00000,0.00000,0.00000,0.00,0.00,0.00,103.390000
2014-07-08,0.00000,0.00000,0.00000,0.00000,0.00000,0.00000,0.00,0.00,0.00,103.480000
2014-07-09,0.00000,0.00000,0.00000,0.00000,0.00000,0.00000,0.00,0.00,0.00,101.940000
2014-07-10,0.00000,0.00000,0.00000,0.00000,0.00000,0.00000,0.00,0.00,0.00,102.900000
2014-07-11,0.00000,0.00000,0.00000,0.00000,0.00000,0.00000,0.00,0.00,0.00,100.490000
2014-07-14,0.00000,0.00000,0.00000,0.00000,0.00000,0.00000,0.00,0.00,0.00,101.050000
2014-07-15,0.00000,0.00000,0.00000,0.00000,0.00000,0.00000,0.00,0.00,0.00,100.170000
2014-07-16,0.00000,0.00000,0.00000,0.00000,0.00000,0.00000,0.00,0.00,0.00,101.520000
2014-07-17,0.00000,0.00000,0.00000,0.00000,0.00000,0.00000,0.00,0.00,0.00,103.750000
2014-07-18,0.00000,0.00000,0.00000,0.00000,0.00000,0.00000,0.00,0.00,0.00,102.880000
2014-07-21,0.00000,0.00000,0.00000,0.00000,0.00000,0.00000,0.00,0.00,0.00,104.580000
2014-07-22,0.00000,0.00000,0.00000,0.00000,0.00000,0.00000,0.00,0.00,0.00,104.420000
2014-07-23,0.00000,0.00000,0.00000,0.00000,0.00000,0.00000,0.00,0.00,0.00,103.290000
2014-07-24,0.00000,0.00000,0.00000,0.00000,0.00000,0.00000,0.00,0.00,0.00,102.000000
2014-07-25,0.00000,0.00000,0.00000,0.00000,0.00000,0.00000,0.00,0.00,0.00,101.890000
2014-07-28,0.00000,0.00000,0.00000,0.00000,0.00000,0.00000,0.00,0.00,0.00,101.570000
2014-07-29,0.00000,0.00000,0.00000,0.00000,0.00000,0.00000,0.00,0.00,0.00,101.040000
2014-07-30,0.00000,0.00000,0.00000,0.00000,0.00000,0.00000,0.00,0.00,0.00,99.420000
2014-07-31,0.00000,0.00000,0.00000,0.00000,0.00000,0.00000,0.00,0.00,0.00,97.650000
2014-08-01,0.00000,0.00000,0.00000,0.00000,0.00000,0.00000,0.00,0.00,0.00,97.620000
2014-08-04,0.00000,0.00000,0.00000,0.00000,0.00000,0.00000,0.00,0.00,0.00,98.400000
2014-08-05,0.00000,0.00000,0.00000,0.00000,0.00000,0.00000,0.00,0.00,0.00,97.580000
2014-08-07,0.00000,0.00000,0.00000,0.00000,0.00000,0.00000,0.00,0.00,0.00,97.630000
2014-08-08,0.00000,0.00000,0.00000,0.00000,0.00000,0.00000,0.00,0.00,0.00,97.350000
2014-08-11,0.00000,0.00000,0.00000,0.00000,0.00000,0.00000,0.00,0.00,0.00,97.850000
2014-08-12,0.00000,0.00000,0.00000,0.00000,0.00000,0.00000,0.00,0.00,0.00,97.150000
2014-08-13,0.00000,0.00000,0.00000,0.00000,0.00000,0.00000,0.00,0.00,0.00,97.330000
2014-08-14,0.00000,0.00000,0.00000,0.00000,0.00000,0.00000,0.00,0.00,0.00,95.500000
2014-08-15,0.00000,0.00000,0.00000,0.00000,0.00000,0.00000,0.00,0.00,0.00,97.240000
2014-08-18,0.00000,0.00000,0.00000,0.00000,0.00000,0.00000,0.00,0.00,0.00,96.640000
2014-08-19,0.00000,0.00000,0.00000,0.00000,0.00000,0.00000,0.00,0.00,0.00,94.570000
2014-08-20,0.00000,0.00000,0.00000,0.00000,0.00000,0.00000,0.00,0.00,0.00,96.070000
2014-08-21,0.00000,0.00000,0.00000,0.00000,0.00000,0.00000,0.00,0.00,0.00,93.900000
2014-08-22,0.00000,0.00000,0.00000,0.00000,0.00000,0.00000,0.00,0.00,0.00,93.360000
2014-08-25,0.00000,0.00000,0.00000,0.00000,0.00000,0.00000,0.00,0.00,0.00,93.320000
2014-08-26,0.00000,0.00000,0.00000,0.00000,0.00000,0.00000,0.00,0.00,0.00,93.850000
2014-08-27,0.00000,0.00000,0.00000,0.00000,0.00000,0.00000,0.00,0.00,0.00,93.700000
